passage,n.（文章等的）一节，一段；通道；走廊,/pˈæsədʒ/,This passage tells a story about friendship.,这段文章讲述了一个关于友谊的故事。,
will,n.意志，遗嘱,/wˈɪl/,Her strong will helped her finish the race.,她坚强的意志帮助她完成了比赛。,
paragraph,n.（文章的）段落,/pˈærəɡrˌæf/,Please read the first paragraph aloud.,请大声朗读第一段。,
social,a.社会的；社交的,/sˈoʊʃəl/,Joining a club can improve your social skills.,参加社团可以提高你的社交能力。,
just,ad.刚才；恰好；不过；仅a.公正的,/dʒˈʌst/,I just finished my homework.,我刚刚完成作业。,
stress,n.精神压力，心理负担v.强调，重读,/strˈɛs/,Too much homework can cause stress.,太多作业会造成压力。,
information,n.信息,/ˌɪnfərmˈeɪʃən/,You can find more information on this website.,你可以在这个网站上找到更多信息。,
research,n.研究，调查,/risˈɜrtʃ/,Our research shows that sleep is important.,我们的研究表明睡眠很重要。,
found,vt.成立，建立,/fˈaʊnd/,They hope to found a new reading club.,他们希望成立一个新的读书社。,
control,vt.&n.控制,/kəntrˈoʊl/,She can control the robot with her phone.,她可以用手机控制机器人。,
means,n.方法，手段；财产,/mˈinz/,Walking is a simple means of exercise.,步行是一种简单的锻炼方式。,
technology,n.技术,/tɛknˈɑlədʒi/,Modern technology makes communication easier.,现代技术使交流更加容易。,
likely,a.很可能的,/lˈaɪkli/,It is likely to rain this afternoon.,今天下午很可能下雨。,
part,n.部分；成分；角色；部件；零件a.局部的；部分的v.分离；分开；分割,/pˈɑrt/,Music is an important part of my life.,音乐是我生活中重要的一部分。,
attention,n.注意，关心,/ətˈɛnʃən/,Please pay attention to the road.,请注意道路情况。,
experience,n.经验；经历,/ɪkspˈɪriəns/,The school trip was a wonderful experience.,这次学校旅行是一次美好的经历。,
through,prep.穿（通）过;从始至终ad.穿(通)过;自始至终，全部,/θrˈu/,Sunlight came through the window.,阳光透过窗户照了进来。,
purpose,n.目的，意图,/pˈɜrpəs/,The purpose of this meeting is to solve the problem.,这次会议的目的是解决这个问题。,
effect,n.效果；作用,/ɪfˈɛkt/,Regular exercise has a good effect on your health.,经常锻炼对你的健康有良好作用。,
media,n.大众传播媒介,/mˈidiə/,The news spread quickly through social media.,这条消息通过社交媒体迅速传播。,
possible,a.可能的,/pˈɑsəbəl/,Is it possible to finish this today?,今天有可能完成这件事吗？,
future,n.将来,/fjˈutʃər/,She wants to be a doctor in the future.,她将来想成为一名医生。,
influence,n.&v.影响,/ˈɪnfluəns/,Parents have a strong influence on their children.,父母对孩子有很大的影响。,
university,n.大学,/jˌunəvˈɜrsəti/,My sister studies science at university.,我姐姐在大学学习科学。,
language,n.语言,/lˈæŋɡwədʒ/,English is a useful international language.,英语是一门有用的国际语言。,
science,n.科学，自然科学,/sˈaɪəns/,We did an interesting experiment in science class.,我们在科学课上做了一个有趣的实验。,
process,n./v.过程，加工，处理,/prˈɑsˌɛs/,Learning a language is a long process.,学习一门语言是一个漫长的过程。,
main,a.主要的,/mˈeɪn/,The main road is closed today.,主干道今天封闭了。,
mind,n.思想，想法v.介意，关心,/mˈaɪnd/,A strange thought came into my mind.,一个奇怪的念头出现在我的脑海中。,
explain,vt.解释，说明,/ɪksplˈeɪn/,Can you explain this question to me?,你能给我解释一下这道题吗？,
back,ad.回（原处）；向后a.后面的n.背后，后部；背v.支持,/bˈæk/,He went back to get his schoolbag.,他回去拿书包了。,
sense,n.感觉，意识,/sˈɛns/,I had a sense that something was wrong.,我感觉有什么地方不对劲。,
memory,n.回忆，记忆,/mˈɛməri/,The photo brought back a happy memory.,这张照片唤起了一段快乐的回忆。,
data,n.资料，数据,/dˈeɪtə/,The students collected data for their project.,学生们为项目收集了数据。,
lead,v.领导，带领n.铅,/lˈɛd/,Our teacher will lead us to the museum.,老师将带领我们去博物馆。,
certain,a.（未指明真实名称的）某…；确定的，无疑的；一定会…,/sˈɜrtən/,I am certain that she will come.,我确定她会来。,
create,vt.创造；造成,/kriˈeɪt/,We can create a poster for the school festival.,我们可以为校园节制作一张海报。,
live,vi.生活;居住;活着a.活的，活着的;实况，现场（直播）的,/lˈaɪv/,My grandparents live near the sea.,我的祖父母住在海边。,
encourage,vt.鼓励,/ɛnkˈɜrɪdʒ/,Good teachers encourage students to ask questions.,好老师鼓励学生提问。,
class,n.班级，等级,/klˈæs/,Our class won the basketball game.,我们班赢得了篮球比赛。,
mental,a.精神的；脑力的,/mˈɛntəl/,Enough sleep is important for mental health.,充足的睡眠对心理健康很重要。,
instead,ad.代替，顶替,/ɪnstˈɛd/,We walked to school instead of taking the bus.,我们没有坐公交车，而是步行去了学校。,
living,a.活着的n.生计,/lˈɪvɪŋ/,All living things need water.,所有生物都需要水。,
focus,v./n.集中（注意力，精力）于，焦点，中心点,/fˈoʊkəs/,Please focus on your homework.,请专心做作业。,
knowledge,n.知识，学问,/nˈɑlədʒ/,Reading gives us knowledge about the world.,阅读让我们了解世界。,
digital,a..数字的，数码的,/dˈɪdʒətəl/,She uses a digital camera to take photos.,她用数码相机拍照。,
environment,n.环境,/ɪnvˈaɪrənmənt/,We should protect the environment.,我们应该保护环境。,
deal,n.量，数额；交易,/dˈil/,The shop offered me a good deal on this bike.,商店给了我这辆自行车一个很划算的价格。,
physical,a.身体的；物理的,/fˈɪzɪkəl/,Swimming is good for your physical health.,游泳有益于身体健康。,
internet,n.互联网，英特网,/ˈɪntərnˌɛt/,We use the internet to search for information.,我们用互联网搜索信息。,
training,n.培训,/trˈeɪnɪŋ/,The team has football training every Friday.,球队每周五进行足球训练。,
performance,n.演出，表演,/pərfˈɔrməns/,The students gave a wonderful performance.,学生们带来了一场精彩的表演。,
share,vt.分享，共同使用,/ʃˈɛr/,I often share my lunch with my best friend.,我经常和最好的朋友分享午餐。,
term,n.学期;术语;条款;项,/tˈɜrm/,We will study Chinese history this term.,这学期我们将学习中国历史。,
culture,n.文化,/kˈʌltʃər/,Food is an important part of culture.,食物是文化的重要组成部分。,
increase,v.&n.增加，繁殖,/ɪnkrˈis/,Daily reading can increase your vocabulary.,每天阅读可以增加你的词汇量。,
set,vt.释放，安置n.装备，设备,/sˈɛt/,She set the books on the desk.,她把书放在了桌上。,
daily,a.每日的；日常的ad.每天n.日报,/dˈeɪli/,Walking the dog is part of my daily life.,遛狗是我日常生活的一部分。,
situation,n.形势，情况,/sˌɪtʃuˈeɪʃən/,We stayed calm in a difficult situation.,我们在困难的情况下保持了冷静。,
success,n.成功,/səksˈɛs/,Hard work is the key to success.,努力是成功的关键。,
common,a.普通，一般；共有的,/kˈɑmən/,It is common to see bikes in this city.,在这座城市看到自行车很常见。,
energy,n.精力，能量,/ˈɛnərdʒi/,A healthy breakfast gives me energy.,健康的早餐给我带来精力。,
thought,n.思考，思想;念头,/θˈɔt/,I had a sudden thought on my way home.,回家的路上，我突然有了一个念头。,
exercise,n.锻炼，做操；练习，习题vi.锻炼,/ˈɛksərsˌaɪz/,Regular exercise keeps us healthy.,经常锻炼使我们保持健康。,
task,n.任务，工作,/tˈæsk/,Our first task is to clean the classroom.,我们的第一项任务是打扫教室。,
role,n.角色,/rˈoʊl/,She played the role of a doctor in the play.,她在戏剧中扮演医生的角色。,
natural,a.自然的,/nˈætʃərəl/,The lake is famous for its natural beauty.,这个湖以其自然美景而闻名。,
video,n.录像，视频,/vˈɪdioʊ/,We watched a short video about space.,我们观看了一个关于太空的短视频。,
plastic,a.塑料的,/plˈæstɪk/,Please put the plastic bottles in this bin.,请把塑料瓶放进这个垃圾桶。,
simple,a.简单的，简易的,/sˈɪmpəl/,This question has a simple answer.,这个问题有一个简单的答案。,
special,a.特别的，专门的,/spˈɛʃəl/,We made a special card for our teacher.,我们为老师制作了一张特别的卡片。,
practice,n.练习,/prˈæktəs/,You need more practice to play the piano well.,要弹好钢琴，你需要更多练习。,
moment,n.片刻，瞬间,/mˈoʊmənt/,Please wait a moment outside.,请在外面稍等片刻。,
activity,n.活动,/æktˈɪvəti/,The school activity starts at nine.,学校活动九点开始。,
experiment,n.实验,/ɪkspˈɛrəmənt/,The experiment showed that plants need light.,这个实验表明植物需要光。,
personal,a.个人的，私人的,/pˈɜrsɪnɪl/,Do not share your personal information online.,不要在网上分享你的个人信息。,
understanding,n.领会;理解,/ˌʌndərstˈændɪŋ/,This book gave me a better understanding of nature.,这本书让我对大自然有了更深入的理解。,
popular,a.流行，大众，受欢迎的,/pˈɑpjələr/,Basketball is popular among our students.,篮球很受我们学生欢迎。,
provide,vt.提供,/prəvˈaɪd/,The school will provide lunch for everyone.,学校将为每个人提供午餐。,
order,n.顺序vt.定购，定货；点菜,/ˈɔrdər/,Please put these pictures in the correct order.,请按正确顺序排列这些图片。,
light,n.光，光亮；灯，灯光vt.点（火），点燃a.明亮的；轻的；浅色的,/lˈaɪt/,The morning light filled the room.,晨光照亮了房间。,
progress,n.进步，上进vi.进展，进行,/prˈɑɡrˌɛs/,She has made great progress in English.,她在英语方面取得了很大进步。,
intelligence,n.智力，才智，智慧,/ɪntˈɛlədʒəns/,The clever dog surprised us with its intelligence.,这只聪明的狗以它的智慧让我们感到惊讶。,
amount,n./v.金额，数量，总计,/əmˈaʊnt/,Drink a small amount of water before the race.,比赛前喝少量的水。,
necessary,a.必需的，必要的,/nˈɛsəsˌɛri/,It is necessary to wear a helmet when cycling.,骑自行车时戴头盔是必要的。,
cause,n.原因，起因；崇高事业vt.促使，引起，使发生,/kˈɑz/,Heavy rain can cause floods.,大雨可能引发洪水。,
once,n.&ad.一次，一度，从前conj.一旦,/wˈʌns/,I visit my grandparents once a week.,我每周看望祖父母一次。,
level,n.水平线，水平,/lˈɛvəl/,The water level rose after the rain.,雨后水位上升了。,
effort,n.努力，艰难的尝试,/ˈɛfərt/,Your hard work and effort will bring results.,你的辛勤付出和努力会带来成果。,
benefit,n./v.优势，益处，使…受益,/bˈɛnəfɪt/,Fresh air is a benefit of country life.,新鲜空气是乡村生活的一个好处。,
similar,a.相似的，像,/sˈɪmələr/,My bag is similar to yours.,我的包和你的很相似。,
system,n.体系；系统,/sˈɪstəm/,The school has a new computer system.,学校有一套新的计算机系统。,
communicate,v.交际；传达（感情，信息等）,/kəmjˈunəkˌeɪt/,People use language to communicate with each other.,人们用语言互相交流。,
works,n.著作，作品（复数）,/wˈɜrks/,We read several works by this writer.,我们读了这位作家的几部作品。,
last,a.最近刚过去;最后的ad.最近刚过去;最后地n.最后v.持续,/lˈæst/,The meeting will last for an hour.,会议将持续一个小时。,
matter,n.要紧事，要紧，事情；问题vi.要紧，有重大关系,/mˈætər/,Your ideas matter to the whole team.,你的想法对整个团队很重要。,
introduce,vt.介绍,/ˌɪntrədˈus/,Let me introduce my new classmate.,让我介绍一下我的新同学。,
especially,ad.特别，尤其,/əspˈɛʃli/,"I like fruit, especially oranges.",我喜欢水果，尤其是橙子。,
later,a.晚些的，迟些的,/lˈeɪtər/,I will call you later this evening.,今晚晚些时候我会给你打电话。,
form,n.表格；形式；结构,/fˈɔrm/,Please fill in this form before class.,请在上课前填写这张表格。,
active,a.积极的，主动的,/ˈæktɪv/,She is active in school sports.,她积极参加学校的体育活动。,
zone,n.区域；范围,/zˈoʊn/,This area is a safe zone for children.,这个区域是儿童安全区。,
support,vt.&n.支持，赞助,/səpˈɔrt/,My family always gives me support.,我的家人总是给予我支持。,
project,n.工程,/prˈɑdʒɛkt/,Our science project is about clean water.,我们的科学项目是关于清洁水的。,
seem,v.似乎，好像,/sˈim/,You seem tired after the long walk.,走了这么久后，你似乎累了。,
perhaps,ad.可能，或,/pərhˈæps/,Perhaps we can visit the museum tomorrow.,也许我们明天可以参观博物馆。,
protect,vt.保护,/prətˈɛkt/,Trees help protect the soil from heavy rain.,树木有助于保护土壤免受大雨冲刷。,
anxiety,n.担忧，焦虑,/æŋzˈaɪəti/,Deep breathing can reduce anxiety.,深呼吸可以减轻焦虑。,
learned,a.有才华的；博学的,/lˈɜrnd/,The learned professor wrote many books.,那位博学的教授写了许多书。,
realize,vt.认识到，实现,/rˈilˌaɪz/,I did not realize how late it was.,我没有意识到时间已经这么晚了。,
pleasure,n.高兴，愉快,/plˈɛʒər/,It was a pleasure to meet your family.,很高兴见到你的家人。,
rather,ad.相当，宁可,/rˈæðər/,I would rather walk than wait for the bus.,我宁愿步行，也不愿等公交车。,
act,n.法令，条例v.（戏）表演，扮演（角色），演出（戏）；行动，做事,/ˈækt/,We must act quickly to help the injured bird.,我们必须迅速行动，帮助这只受伤的小鸟。,
though,conj.虽然，可是,/ðˈoʊ/,"Though it was cold, we still went outside.",虽然天气很冷，我们还是出去了。,
present,a.出现的，出席的n.礼物，赠品vt.(以某种方式)展现，显示；颁发，授予,/prˈɛzənt/,All students were present at the meeting.,所有学生都出席了会议。,
risk,n./v.危险，风险，冒险,/rˈɪsk/,Climbing that wet wall is a serious risk.,攀爬那堵湿滑的墙有很大风险。,
goal,n.（足球）球门，目标,/ɡˈoʊl/,My goal is to read twenty books this year.,我的目标是今年读二十本书。,
harmful,a.有害的；致伤的,/hˈɑrmfəl/,Too much sugar can be harmful to your teeth.,吃太多糖可能对牙齿有害。,
society,n.社会,/səsˈaɪəti/,Everyone can do something useful for society.,每个人都能为社会做些有益的事。,
robot,n.机器人,/rˈoʊbˌɑt/,The robot can carry heavy boxes.,这个机器人能搬运重箱子。,
junk,n.（口语）废品，破烂货,/dʒˈʌŋk/,We cleared the old junk out of the garage.,我们清理了车库里的旧废品。,
simply,ad.简单地，(加强语气)的确,/sˈɪmpli/,The machine works simply and safely.,这台机器操作简单而且安全。,
pressure,n.压迫，压力，压强,/prˈɛʃər/,She felt pressure before the final exam.,期末考试前她感到了压力。,
least,n.最少，最少量,/lˈist/,This small room gets the least sunlight.,这个小房间得到的阳光最少。,
professor,n.教授,/prəfˈɛsər/,The professor gave a talk about space.,教授做了一场关于太空的讲座。,
challenge,n.挑战(性),/tʃˈæləndʒ/,Learning to swim was a challenge for me.,学习游泳对我来说是一项挑战。,
prefer,vt.宁愿（选择），更喜欢,/prəfˈɜr/,I prefer tea to coffee.,比起咖啡，我更喜欢茶。,
method,n.方法，办法,/mˈɛθəd/,This method makes the problem easier to solve.,这个方法使问题更容易解决。,
motivation,n.动机，动力,/mˌoʊtəvˈeɪʃən/,Her dream gives her motivation to work hard.,她的梦想给了她努力学习的动力。,
communication,n.交际，交往;通讯,/kəmjˌunəkˈeɪʃən/,Good communication can prevent many problems.,良好的沟通可以避免许多问题。,
within,prep.在……里面,/wɪðˈɪn/,Please finish the test within thirty minutes.,请在三十分钟内完成测试。,
type,vt.打字,/tˈaɪp/,I can type forty words a minute.,我一分钟能打四十个单词。,
depend,vi.依靠，依赖，指望；取决于,/dɪpˈɛnd/,Children depend on adults for care and safety.,孩子们依靠成年人获得照顾和安全保障。,
sound,vi.听起来，发出声音n.声音a.健康无损的，熟睡的，合理的,/sˈaʊnd/,I heard a strange sound outside.,我听到外面有一个奇怪的声音。,
scientific,a.科学的,/sˌaɪəntˈɪfɪk/,We need scientific facts to support the idea.,我们需要科学事实来支持这个观点。,
feedback,n.反馈,/fˈidbˌæk/,The teacher gave me helpful feedback on my writing.,老师对我的作文给出了有帮助的反馈。,
serious,a.严肃的，严重的，认真的,/sˈɪriəs/,Air pollution is a serious problem.,空气污染是一个严重的问题。,
step,n.脚步，台阶，梯级vi.走，跨步,/stˈɛp/,The first step is to make a plan.,第一步是制定计划。,
failure,n.失败,/fˈeɪljər/,One failure should not stop you from trying again.,一次失败不应该阻止你再次尝试。,
notice,n.布告，通告；注意vt.注意，注意到,/nˈoʊtəs/,Did you notice the new picture on the wall?,你注意到墙上的新画了吗？,
speed,n.速度v.（使）加速,/spˈid/,The car reduced its speed near the school.,汽车在学校附近降低了速度。,
perfect,a.完美的，极好的,/pərfˈɛkt/,The weather is perfect for a picnic.,这天气非常适合野餐。,
product,n.产品，制品,/prˈɑdəkt/,This product is made from recycled paper.,这个产品由再生纸制成。,
store,n.商店vt.储藏，存储,/stˈɔr/,There is a small store near my home.,我家附近有一家小商店。,
single,a.单一的，单个的,/sˈɪŋɡəl/,There was not a single cloud in the sky.,天空中一朵云也没有。,
weight,n.重，重量,/wˈeɪt/,Exercise can help you keep a healthy weight.,锻炼可以帮助你保持健康的体重。,
public,a.公共，公众的n.公众,/pˈʌblɪk/,The new library is open to the public.,新图书馆向公众开放。,
state,n.状态；情形；国家，（美国的）州,/stˈeɪt/,The patient is in a stable state now.,病人现在处于稳定状态。,
consider,vt.考虑,/kənsˈɪdər/,Please consider all the choices before deciding.,决定前请考虑所有选择。,
company,n.公司；陪伴,/kˈʌmpəni/,My aunt works for a small company.,我姑姑在一家小公司工作。,
produce,vt.生产；制造,/prədˈus/,These farms produce fresh milk.,这些农场生产鲜牛奶。,
tool,n.工具，器具,/tˈul/,A knife is a useful tool.,刀是一种有用的工具。,
record,n.记录；唱片v.录制，记录,/rəkˈɔrd/,Please record your answer in the notebook.,请把你的答案记录在笔记本上。,
design,n.&vt.n.设计，策划图案，图样，样式,/dɪzˈaɪn/,She drew a simple design for the school garden.,她为学校花园画了一份简单的设计图。,
recognize,vt.认出；认可,/rˈɛkəɡnˌaɪz/,I can recognize him by his voice.,我能通过声音认出他。,
compare,vt.比较，对照,/kəmpˈɛr/,Let us compare these two pictures.,让我们比较一下这两幅图。,
quality,n.质量，性质,/kwˈɑləti/,This bag is small but its quality is good.,这个包虽小但质量很好。,
shape,n.形状，外形v.使成型，制造，塑造,/ʃˈeɪp/,The lake has the shape of a heart.,这个湖呈心形。,
model,n.模型，原形，范例，模范v.以...为模型,/mˈɑdəl/,Tom made a model of the new bridge.,汤姆做了一个新桥模型。,
receive,v.收到，得到,/rəsˈiv/,You will receive a reply tomorrow.,你明天会收到回复。,
challenging,a.具有挑战性的,/tʃˈæləndʒɪŋ/,Climbing the hill was challenging but fun.,爬这座山很有挑战性但也很有趣。,
climate,n.气候,/klˈaɪmət/,The island has a warm climate.,这座岛气候温暖。,
decision,n.决定；决心,/dɪsˈɪʒən/,It was a difficult decision for Amy.,这对埃米来说是个艰难的决定。,
course,n.过程；经过；课程,/kˈɔrs/,I took a short art course last summer.,去年夏天我上了一门短期美术课。,
violent,a.暴力的,/vˈaɪələnt/,The violent storm broke several windows.,猛烈的暴风雨打破了几扇窗户。,
perform,v.表演，履行；行动,/pərfˈɔrm/,Our class will perform a play tonight.,我们班今晚将表演一出戏。,
remind,vt.提醒，使记起,/rimˈaɪnd/,Please remind me to bring my camera.,请提醒我带相机。,
percent,n.百分之……,/pərsˈɛnt/,About 70 percent of the students walk to school.,大约百分之七十的学生步行上学。,
background,n.背景,/bˈækɡrˌaʊnd/,There are green hills in the background.,背景中有青山。,
million,num.百万n.百万个（人或物）,/mˈɪljən/,The city has over one million people.,这座城市有一百多万人。,
quite,ad.完全，十分,/kwˈaɪt/,The math test was quite easy.,这次数学考试十分简单。,
attitude,n.态度，看法,/ˈætətˌud/,A positive attitude can help you succeed.,积极的态度能帮助你成功。,
connection,n.连接物;接触，联系,/kənˈɛkʃən/,There is a close connection between sleep and health.,睡眠与健康之间有密切联系。,
relationship,n.关系,/rilˈeɪʃənʃˌɪp/,Lily has a good relationship with her parents.,莉莉和父母关系很好。,
require,vt.需求；要求,/rˌikwˈaɪər/,This job will require patience.,这项工作需要耐心。,
correct,v.改正；纠正a.正确的，对的；恰当的,/kərˈɛkt/,Your answer is correct.,你的答案是正确的。,
willing,a.乐意的；愿意的,/wˈɪlɪŋ/,Jack is willing to help his classmates.,杰克愿意帮助同学。,
recent,a.近来的，最近的,/rˈisənt/,Recent rain has filled the river.,最近的降雨使河水上涨了。,
image,n.形象,/ˈɪmədʒ/,The mirror showed a clear image of my face.,镜子清楚地映出了我的脸。,
competition,n.比赛，竞赛,/kˌɑmpətˈɪʃən/,Our team won the singing competition.,我们队赢得了歌唱比赛。,
musical,a.音乐的，爱好音乐的n.音乐片,/mjˈuzɪkəl/,My sister is very musical and plays the piano well.,我妹妹很有音乐天赋，钢琴弹得很好。,
prepare,vt.准备，预备，调制，配制,/pripˈɛr/,We need to prepare for the English test.,我们需要为英语考试做准备。,
proper,a.恰当的，合适的,/prˈɑpər/,Wear proper shoes for the long walk.,长途步行要穿合适的鞋。,
modern,a.现代的,/mˈɑdərn/,This modern library has many computers.,这座现代化图书馆有许多电脑。,
potential,a.潜在的，可能的,/pətˈɛnʃəl/,The coach saw great potential in the young runner.,教练看到了这名年轻跑步者的巨大潜力。,
fall,n.（美）秋季vi.落（下），降落；倒,/fˈɔl/,Leaves turn yellow in the fall.,树叶在秋季变黄。,
express,vt.表达；表示；表情n.快车，特快专递,/ɪksprˈɛs/,Music can help us express our feelings.,音乐能帮助我们表达感情。,
local,a.当地的；地方的,/lˈoʊkəl/,We bought fresh fruit at the local market.,我们在当地市场买了新鲜水果。,
fail,v.失败；不及格；衰退,/fˈeɪl/,Do not be afraid to fail.,不要害怕失败。,
harm,n.&v.伤害；损伤,/hˈɑrm/,Too much sun can harm your skin.,过多日晒会伤害皮肤。,
view,n.看法，见解;风景，景色,/vjˈu/,We had a wonderful view of the sea.,我们看到了美丽的海景。,
therefore,ad.因此，所以,/ðˈɛrfˌɔr/,It was raining; therefore we stayed inside.,天下着雨，因此我们待在室内。,
traditional,a.传统的，风俗的,/trədˈɪʃənəl/,My grandma taught me a traditional song.,奶奶教了我一首传统歌曲。,
rope,n.绳，索,/rˈoʊp/,They tied the boat to a tree with a rope.,他们用绳子把船系在树上。,
literature,n.文学,/lˈɪtərətʃər/,She enjoys reading Chinese literature.,她喜欢阅读中国文学作品。,
upset,a.心烦的，苦恼的,/əpsˈɛt/,Ben was upset about losing the game.,本因输掉比赛而难过。,
exactly,ad.精确地；确切地,/ɪɡzˈæktli/,The bus arrived at exactly nine o'clock.,公共汽车正好九点到达。,
balance,n.平衡,/bˈæləns/,She lost her balance and fell.,她失去平衡摔倒了。,
management,n.管理，管理层,/mˈænədʒmənt/,Good time management makes study easier.,良好的时间管理让学习更轻松。,
choice,n.选择；抉择,/tʃˈɔɪs/,You have a choice between tea and juice.,你可以在茶和果汁之间选择。,
library,n.图书馆，图书室,/lˈaɪbrˌɛri/,I borrowed two books from the library.,我从图书馆借了两本书。,
loss,n.丧失；损耗,/lˈɔs/,The fire caused a great loss to the farm.,大火给农场造成了巨大损失。,
beneficial,a.有利的，有帮助的，有用的,/bˌɛnəfˈɪʃəl/,Daily exercise is beneficial to our health.,每天锻炼有益于健康。,
office,n.办公室,/ˈɔfəs/,My mother works in an office downtown.,我妈妈在市中心的一间办公室工作。,
forward,ad.将来.今后.向前，前进,/fˈɔrwərd/,He stepped forward to answer the question.,他走上前回答问题。,
list,n.一览表，清单,/lˈɪst/,I made a list of things to buy.,我列了一张购物清单。,
sign,n.符号，标记,/sˈaɪn/,The red sign tells drivers to stop.,这个红色标志提醒司机停车。,
college,n.学院；专科学校,/kˈɑlɪdʒ/,My brother hopes to go to college next year.,我哥哥希望明年上大学。,
saying,n.说，俗话，谚语,/sˈeɪɪŋ/,There is an old saying about the value of time.,有一句关于时间价值的老话。,
fake,adj.假的,/fˈeɪk/,The police found that the painting was fake.,警方发现这幅画是假的。,
ocean,n.海洋,/ˈoʊʃən/,Many kinds of fish live in the ocean.,许多种鱼生活在海洋里。,
check,n.检查；批改vt.校对，核对；检查；批改,/tʃˈɛk/,Please check your answers before you finish.,完成前请检查你的答案。,
period,n.时期，时代,/pˈɪriəd/,China changed greatly during this period.,中国在这一时期发生了巨大变化。,
production,n.生产；制造,/prədˈʌkʃən/,The factory increased car production this year.,这家工厂今年提高了汽车产量。,
theory,n.理论,/θˈɪri/,We tested the theory with a simple experiment.,我们用一个简单的实验验证了这个理论。,
discover,vt.发现,/dɪskˈʌvər/,Scientists may discover new life in the deep sea.,科学家可能会在深海发现新的生命。,
spread,v.延伸；展开,/sprˈɛd/,Dark clouds spread across the sky.,乌云在天空中蔓延开来。,
imagine,vt.想像，设想,/ɪmˈædʒən/,Can you imagine life without electricity?,你能想象没有电的生活吗？,
market,n.市场，集市,/mˈɑrkət/,My father buys vegetables at the morning market.,我爸爸在早市买蔬菜。,
talent,n.天才，天赋,/tˈælənt/,Mia has a talent for drawing.,米娅有绘画天赋。,
responsibility,n.责任，负责,/rispˌɑnsəbˈɪləti/,Keeping the classroom clean is our responsibility.,保持教室整洁是我们的责任。,
field,n.田地；牧场；场地,/fˈild/,The cows are eating grass in the field.,奶牛正在田野里吃草。,
suffer,vi.受苦，遭受,/sˈʌfər/,Plants suffer when they get too little water.,植物缺水时会受损。,
flash,n.闪；闪光；转瞬间,/flˈæʃ/,A flash of lightning lit up the sky.,一道闪电照亮了天空。,
achievement,n.成就，成绩，功绩,/ətʃˈivmənt/,Finishing the long race was a great achievement.,完成长跑是一项了不起的成就。,
carbon,n.碳,/kˈɑrbən/,All living things contain carbon.,所有生物都含有碳。,
opinion,n.看法，见解,/əpˈɪnjən/,In my opinion this plan is better.,在我看来，这个计划更好。,
medical,a.医学的，医疗的,/mˈɛdəkəl/,The injured boy needs medical help.,受伤的男孩需要医疗救助。,
material,n.材料，原料,/mətˈɪriəl/,Wood is a common building material.,木材是一种常见的建筑材料。,
normal,n.&a.正常的（状态）,/nˈɔrməl/,It is normal to feel nervous before a test.,考试前感到紧张是正常的。,
cancer,n.癌,/kˈænsər/,Smoking can increase the risk of cancer.,吸烟会增加患癌症的风险。,
journal,n.日志，杂志，期刊,/dʒˈɜrnəl/,I write about each school day in my journal.,我在日记中记录每个上学日。,
surface,n.表面,/sˈɜrfəs/,The surface of the lake was smooth.,湖面很平静。,
garbage,n.垃圾,/ɡˈɑrbɪdʒ/,Please put the garbage in this bin.,请把垃圾放进这个垃圾桶。,
late,a.晚的，迟的；已故的ad.晚地，迟地,/lˈeɪt/,Kevin was late for school this morning.,凯文今天早上上学迟到了。,
valuable,a.值钱的，贵重的,/vˈæljəbəl/,This old watch is very valuable.,这块旧手表很值钱。,
mistake,n.错误vt.弄错,/mɪstˈeɪk/,I made a mistake in the last question.,我在最后一道题中犯了错误。,
describe,vt.描写，叙述,/dɪskrˈaɪb/,Can you describe the missing dog?,你能描述一下那只走失的狗吗？,
prove,vt.证明,/prˈuv/,The photo can prove that he was there.,这张照片能证明他当时在那里。,
various,a.各种各样的，不同的,/vˈɛriəs/,The shop sells various kinds of bread.,这家商店出售各种面包。,
grade,n.等级；（中小学的）学年；成绩，分数,/ɡrˈeɪd/,Lucy got a high grade in science.,露西的科学课得了高分。,
function,n./v.作用，功能，运转,/fˈʌŋkʃən/,The main function of roots is to take in water.,根的主要功能是吸收水分。,
courage,n.勇气；胆略,/kˈɜrədʒ/,It took courage to speak in front of the whole school.,在全校师生面前讲话需要勇气。,
emergency,n.紧急情况或状态,/ɪmˈɜrdʒənsi/,Call this number in an emergency.,遇到紧急情况请拨打这个号码。,
evidence,n.证据，证明,/ˈɛvədəns/,The muddy shoes were evidence that Sam went outside.,沾泥的鞋子证明萨姆出过门。,
sensitive,a.体贴的，善解人意的,/sˈɛnsətɪv/,Be sensitive to the feelings of others.,要体谅他人的感受。,
handwriting,n.书法,/hˈændrˌaɪtɪŋ/,Her handwriting is neat and easy to read.,她的字迹工整易读。,
gratitude,n.感激,/ɡrˈætətˌud/,We showed our gratitude with a thank-you card.,我们用一张感谢卡表达感激之情。,
pollution,n.污染,/pəlˈuʃən/,Air pollution is a serious problem in many cities.,空气污染是许多城市的严重问题。,
lie,v.躺;卧;平放;位于n.&vi.谎言;说谎,/lˈaɪ/,I like to lie on the grass and watch the clouds.,我喜欢躺在草地上看云。,
tend,v.往往会，常常就，倾向，趋于,/tˈɛnd/,Young children tend to ask many questions.,小孩子往往会问很多问题。,
general,a.大体，笼统的，总的,/dʒˈɛnərəl/,The teacher gave us a general idea of the project.,老师向我们介绍了这个项目的大致情况。,
case,n.情况；病例；案件；真相n.箱；盒；容器,/kˈeɪs/,In this case we should ask an adult for help.,在这种情况下，我们应该向成年人求助。,
search,n.&v.搜寻，搜查,/sˈɜrtʃ/,The police began a search for the lost child.,警方开始搜寻走失的孩子。,
hug,v.拥抱,/hˈʌɡ/,I always hug my grandma when I see her.,我每次见到奶奶都会拥抱她。,
museum,n.博物馆，博物院,/mjuzˈiəm/,We saw ancient bowls at the museum.,我们在博物馆看到了古代的碗。,
reality,n.现实,/riˈæləti/,Her dream of becoming a pilot became reality.,她当飞行员的梦想变成了现实。,
respond,v.回答，回应，作出反应,/rɪspˈɑnd/,Please respond to my question clearly.,请清楚地回答我的问题。,
organization,n.组织，机构,/ˌɔrɡənəzˈeɪʃən/,This organization provides books for poor children.,这个组织为贫困儿童提供书籍。,
article,n.文章;东西，物品;冠词,/ˈɑrtəkəl/,I read an interesting article about space.,我读了一篇关于太空的有趣文章。,
ancient,a.古代的，古老的,/ˈeɪntʃənt/,People built this ancient wall thousands of years ago.,人们几千年前建造了这堵古老的城墙。,
fight,n.打仗（架），与……打仗（架）,/fˈaɪt/,The two boys had a fight after school.,两个男孩放学后打了一架。,
connect,v.连接，把…联系起来,/kənˈɛkt/,This bridge will connect the two villages.,这座桥将连接两个村庄。,
air,n.空气；大气,/ˈɛr/,Open the window and let in some fresh air.,打开窗户让新鲜空气进来。,
tiny,adj.tinier，tiniesta.极小的，微小的,/tˈaɪni/,A tiny bird landed on the branch.,一只小鸟落在树枝上。,
brush,v.刷；擦n.刷子,/brˈʌʃ/,Remember to brush your teeth twice a day.,记得每天刷两次牙。,
gravity,n.重力；严重性,/ɡrˈævəti/,Gravity pulls everything toward the ground.,重力把一切物体拉向地面。,
event,n.事件，大事,/ɪvˈɛnt/,The sports day is an important school event.,运动会是学校的一项重要活动。,
basic,a.基本的,/bˈeɪsɪk/,Every student should know these basic rules.,每个学生都应该知道这些基本规则。,
worldwide,a.遍及全球的，世界范围的,/wˈɜrldwˈaɪd/,The song became popular worldwide.,这首歌风靡全球。,
conversation,n.谈话，交谈,/kˌɑnvərsˈeɪʃən/,We had a long conversation about our future.,我们就未来进行了一次长谈。,
expensive,a.昂贵的,/ɪkspˈɛnsɪv/,That coat is too expensive for me.,那件外套对我来说太贵了。,
addition,n.增加;（算数用语）加,/ədˈɪʃən/,The new classroom is a useful addition to our school.,新教室是学校新增的实用设施。,
besides,prep.除…以外（还有）ad.还有，此外,/bɪsˈaɪdz/,Besides English she also studies French.,除了英语，她还学法语。,
continue,vi.继续,/kəntˈɪnju/,The rain may continue until evening.,这场雨可能会持续到晚上。,
add,vt.添加，增加,/ˈæd/,Please add some water to the soup.,请往汤里加些水。,
mobile,a.活动的，可移动的,/mˈoʊbəl/,The small table is mobile and easy to move.,这张小桌子可移动，很容易搬动。,
terrible,a.可怕的；糟糕的,/tˈɛrəbəl/,We had terrible weather during the trip.,旅行期间天气糟透了。,
gym,n.体操；体育馆；健身房,/dʒˈɪm/,We play basketball in the school gym.,我们在学校体育馆打篮球。,
stand,n.站；立；停止；立场；地位；台；坛；摊,/stˈænd/,There is a fruit stand near the station.,车站附近有一个水果摊。,
expert,n.专家，能手,/ˈɛkspərt/,We asked an expert to repair the old clock.,我们请了一位专家修理这座旧钟。,
line,n.绳索，线，排，行，线路v.画线于，（使）成行,/lˈaɪn/,Please stand in a line outside the classroom.,请在教室外排成一行。,
treat,vt.对待，看待；治疗；款待,/trˈit/,We should treat everyone with respect.,我们应该尊重地对待每个人。,
productive,adj.富有成效的，多产的,/prədˈʌktɪv/,I had a productive afternoon and finished all my homework.,我度过了一个高效的下午，完成了所有作业。,
throughout,prep.遍及，贯穿,/θruˈaʊt/,It rained throughout the night.,雨下了一整夜。,
average,a.平均；普通的n.平均数,/ˈævərɪdʒ/,The average age of the players is fourteen.,这些运动员的平均年龄是十四岁。,
electricity,n.电；电流,/ɪlˌɛktrˈɪsəti/,The storm cut off electricity in our village.,暴风雨使我们村停了电。,
instrument,n.乐器;工具，器械,/ˈɪnstrəmənt/,The piano is my favorite musical instrument.,钢琴是我最喜欢的乐器。,
truth,n.真理，事实，真相，实际,/trˈuθ/,Please tell me the truth.,请告诉我真相。,
protein,n.蛋白质,/prˈoʊtˌin/,Eggs are a good source of protein.,鸡蛋是蛋白质的良好来源。,
native,a.本土的，本国的,/nˈeɪtɪv/,The panda is native to China.,大熊猫原产于中国。,
draft,n./v.草稿，草案，起草，草拟,/drˈæft/,I finished the first draft of my story.,我完成了故事的初稿。,
strengthen,vt.加强，增强,/strˈɛŋθən/,Regular exercise can strengthen your body.,经常锻炼可以增强体质。,
bat,n.（棒球、板球的）球棒n.蝙蝠,/bˈæt/,He hit the ball hard with the bat.,他用球棒用力击球。,
industry,n.工业，产业,/ˈɪndəstri/,The car industry provides many jobs.,汽车产业提供了许多工作岗位。,
surprise,vt.使惊奇，使诧异n.惊奇，诧异,/sərprˈaɪz/,The birthday party was a wonderful surprise.,生日聚会是一个美好的惊喜。,
planet,n.行星,/plˈænət/,Earth is the third planet from the sun.,地球是距离太阳第三近的行星。,
website,n.网络,/wˈɛbsˌaɪt/,Our school website has the latest news.,我们学校的网站上有最新消息。,
peer,n.同龄人,/pˈɪr/,Lin asked a peer for help with the homework.,林向一位同龄人请教作业。,
bored,a.（对人，事）厌倦的，烦闷的,/bˈɔrd/,I felt bored during the long wait.,漫长的等待让我感到无聊。,
boring,a.乏味的，无聊的,/bˈɔrɪŋ/,The movie was so boring that I fell asleep.,这部电影太无聊了，我都睡着了。,
satisfaction,n.满意,/sˌætəsfˈækʃən/,She smiled with satisfaction after finishing the painting.,完成这幅画后，她满意地笑了。,
expect,vt.预料；盼望；认为,/ɪkspˈɛkt/,We expect the bus to arrive at eight.,我们预计公交车八点到达。,
regular,a.规则的，经常,/rˈɛɡjələr/,Regular exercise can keep your body strong.,经常锻炼能让你的身体保持强壮。,
affect,vt.影响,/əfˈɛkt/,Loud noise can affect your sleep.,噪声会影响你的睡眠。,
scientist,n.科学家,/sˈaɪəntɪst/,The scientist studies plants in the rainforest.,这位科学家研究雨林中的植物。,
strength,n.力量，力气,/strˈɛŋkθ/,It took all my strength to move the heavy box.,我用尽全身力气才搬动那个重箱子。,
push,n.&v.推,/pˈʊʃ/,Please push the door to open it.,请推门把它打开。,
height,n.高，高度,/hˈaɪt/,The height of this wall is two meters.,这堵墙的高度是两米。,
reward,n.奖赏,/rɪwˈɔrd/,Dad gave me a book as a reward.,爸爸送给我一本书作为奖励。,
yawn,v.打哈欠,/jˈɔn/,I always yawn when I feel sleepy.,我困倦时总会打哈欠。,
force,vt.强迫，迫使,/fˈɔrs/,Do not force your little brother to share his toy.,不要强迫弟弟分享他的玩具。,
journey,n.旅行，路程,/dʒˈɜrni/,Our train journey took three hours.,我们的火车旅程持续了三个小时。,
television,n.电视,/tˈɛləvˌɪʒən/,My grandparents watch the news on television every evening.,我的祖父母每天晚上看电视新闻。,
pleasant,a.令人愉快的，舒适的,/plˈɛzənt/,We had a pleasant walk by the lake.,我们在湖边愉快地散了步。,
population,n.人口，人数,/pˌɑpjəlˈeɪʃən/,The population of this town is growing quickly.,这个城镇的人口正在快速增长。,
message,n.消息，音信,/mˈɛsədʒ/,I left a message for you on the table.,我在桌上给你留了口信。,
opposite,n.相反，对面a.相反的，对面的,/ˈɑpəzət/,The bank is opposite the post office.,银行在邮局对面。,
raise,vt.使升高；饲养,/rˈeɪz/,Please raise your hand before you speak.,发言前请举手。,
biological,adj.生物的,/bˌaɪəlˈɑdʒɪkəl/,Every child has biological needs such as food and sleep.,每个孩子都有食物和睡眠等生理需求。,
collect,vt.收集，搜集,/kəlˈɛkt/,We collect old bottles for recycling.,我们收集旧瓶子用于回收。,
medicine,n.药,/mˈɛdəsən/,Take this medicine after dinner.,晚饭后服用这种药。,
prevent,vt.防止，预防,/prɪvˈɛnt/,Washing your hands can prevent illness.,洗手可以预防疾病。,
manage,v.管理；设法对付,/mˈænədʒ/,Can you manage this project by yourself?,你能独自管理这个项目吗？,
psychology,n.心理学,/saɪkˈɑlədʒi/,My sister hopes to study psychology at college.,我姐姐希望在大学学习心理学。,
figure,n.数字；数目；（人的）身型；人物,/fˈɪɡjər/,Please write the correct figure in each box.,请在每个方框里填入正确的数字。,
practical,a.实际的，适用的,/prˈæktəkəl/,This book gives practical advice on saving water.,这本书提供了节约用水的实用建议。,
succeed,vi.成功；继任,/səksˈid/,You will succeed if you keep trying.,如果坚持尝试，你会成功的。,
wonder,v.对…疑惑，感到惊奇，想知道n.惊讶，惊叹;奇迹,/wˈʌndər/,I wonder why the sky turns red at sunset.,我想知道为什么日落时天空会变红。,
complete,a.完成vt.完成，结束,/kəmplˈit/,Please complete the form before Friday.,请在星期五前填完这张表。,
speech,n.演讲,/spˈitʃ/,Anna gave a short speech about friendship.,安娜做了一个关于友谊的简短演讲。,
cancel,vt.取消,/kˈænsəl/,Heavy rain may cancel the football match.,大雨可能会导致足球赛取消。,
explore,v.探索，探究,/ɪksplˈɔr/,We went into the forest to explore its hidden paths.,我们走进森林探索其中隐秘的小路。,
train,n.火车v.培训，训练,/trˈeɪn/,The train leaves the station at noon.,火车中午驶离车站。,
degree,n.程度；度数；学位,/dɪɡrˈi/,The temperature rose by one degree.,温度升高了一度。,
adapt,v.使适应，适合，改编,/ədˈæpt/,It took me a month to adapt to my new school.,我花了一个月适应新学校。,
stick,vi.粘住，钉住；坚持n.木棒（棍），枝条,/stˈɪk/,Use this glue to stick the picture to the card.,用这种胶水把图片粘到卡片上。,
lab,n.实验室,/lˈæb/,We wore safety glasses in the science lab.,我们在科学实验室里戴了护目镜。,
convenient,a.便利的，方便的,/kənvˈinjənt/,Online shopping is convenient for busy people.,网上购物对忙碌的人来说很方便。,
guide,n.向导，导游者v.引导,/ɡˈaɪd/,Our guide showed us around the old city.,导游带我们参观了这座古城。,
familiar,a.熟悉的,/fəmˈɪljər/,Her voice sounds familiar to me.,她的声音我听起来很熟悉。,
fit,a.健康的，适合的v.（使）适合，安装,/fˈɪt/,These shoes fit me perfectly.,这双鞋非常合我的脚。,
confident,a.自信的,/kˈɑnfədənt/,Leo felt confident before the math test.,利奥在数学考试前很自信。,
lunch,n.午餐，午饭,/lˈʌntʃ/,We usually have lunch at school.,我们通常在学校吃午饭。,
cost,v.值（钱），花费n.价格,/kˈɑst/,The new bike will cost about five hundred yuan.,这辆新自行车大约要花五百元。,
latest,a.最近，最新的；最晚的,/lˈeɪtəst/,Have you read the latest school news?,你看过学校的最新消息了吗？,
movement,n.运动，活动,/mˈuvmənt/,The dancer's movement was smooth and graceful.,这位舞者的动作流畅而优美。,
advantage,n.优点；好处,/ædvˈæntɪdʒ/,One advantage of cycling is that it keeps you fit.,骑自行车的一个好处是能让你保持健康。,
alive,a.活着的，存在的,/əlˈaɪv/,The fish was still alive when we found it.,我们发现这条鱼时，它还活着。,
government,n.政府,/ɡˈʌvərmənt/,The government plans to build a new hospital.,政府计划建一所新医院。,
promote,v.促进，推动，促销，晋升,/prəmˈoʊt/,The school uses posters to promote healthy eating.,学校用海报促进健康饮食。,
interact,v.互动,/ˌɪntərˈækt/,Games help young children interact with one another.,游戏帮助幼儿彼此互动。,
chemical,a.化学的n.化学品,/kˈɛməkəl/,The teacher warned us not to touch the chemical.,老师警告我们不要触碰这种化学品。,
signal,n.信号，暗号,/sˈɪɡnəl/,The red light is a signal to stop.,红灯是停车的信号。,
anxious,a.忧虑的，焦急的,/ˈæŋkʃəs/,Mum felt anxious when I came home late.,我很晚回家时，妈妈很担心。,
desire,vt.&n.要求；期望,/dɪzˈaɪər/,He has a strong desire to help other people.,他有帮助他人的强烈愿望。,
immediate,a.立即的，马上,/ɪmˈidiət/,The injured boy needed immediate help.,那个受伤的男孩需要立即得到帮助。,
discovery,n.发现,/dɪskˈʌvəri/,The discovery of the cave excited everyone.,这个洞穴的发现让所有人都很兴奋。,
separate,v.使分开，使分离a.单独的，分开的,/sˈɛpərˌeɪt/,Please keep raw meat separate from other food.,请把生肉与其他食物分开放。,
none,pron.无任何东西，无一人,/nˈʌn/,None of the students were late today.,今天没有一个学生迟到。,
century,n.世纪，百年,/sˈɛntʃəri/,This bridge was built over a century ago.,这座桥建于一个多世纪前。,
generation,n.代，一代,/dʒˌɛnərˈeɪʃən/,This story has passed from one generation to the next.,这个故事代代相传。,
explanation,n.解释，说明,/ˌɛksplənˈeɪʃən/,His clear explanation helped me understand the rule.,他清楚的解释帮助我理解了这条规则。,
fair,a.公平的，合理的a.(肤色)白皙的；（人）白肤金发的n.集市；庙会；展览会,/fˈɛr/,Our teacher gave everyone a fair chance.,老师给了每个人公平的机会。,
gradually,ad.逐渐地,/ɡrˈædʒuəli/,The dark clouds gradually disappeared.,乌云逐渐消散了。,
exposure,n.面临，遭受；揭发，揭露；（在报纸或电视上的）报导，宣传，曝光,/ɪkspˈoʊʒər/,Long exposure to loud noise can harm your ears.,长时间处于噪声中会损伤耳朵。,
leading,a.最主要的，第一位的,/lˈidɪŋ/,She is a leading doctor in the city.,她是这座城市首屈一指的医生。,
passive,a.被动的,/pˈæsɪv/,Do not be passive when your team needs ideas.,团队需要想法时，不要太被动。,
remain,vt.余下，留下vi.保持，仍是,/rɪmˈeɪn/,Please remain quiet during the test.,考试期间请保持安静。,
gain,vt.赢得；挣得,/ɡˈeɪn/,You can gain useful skills from this course.,你可以从这门课程中学到实用技能。,
extra,a.额外的，外加的,/ˈɛkstrə/,I need extra time to finish the project.,我需要额外的时间完成这个项目。,
fine,a.细的；晴朗的；美好的；（身体）健康的n.&v.罚款,/fˈaɪn/,I feel fine after a good night's sleep.,好好睡了一晚后，我感觉很好。,
wisdom,n.智慧,/wˈɪzdəm/,Grandpa shared his wisdom with the whole family.,爷爷把他的智慧分享给全家人。,
behave,v.守规矩，行为,/bɪhˈeɪv/,Please behave politely at the dinner table.,在餐桌旁请举止有礼。,
ban,n.禁令v.禁止；取缔,/bˈæn/,Our school has a ban on smoking.,我们学校禁止吸烟。,
unusual,a.不平常的，异常的,/ənjˈuʒəwəl/,It is unusual to see snow here in April.,这里四月下雪很不寻常。,
boost,n./v.使增长；使兴旺/激励，促进,/bˈust/,A healthy breakfast can boost your energy.,健康的早餐可以补充你的能量。,
page,n.页，页码,/pˈeɪdʒ/,Turn to page twenty and read the story.,翻到第二十页并阅读这个故事。,
curious,a.好奇的；奇异的,/kjˈʊriəs/,The curious child looked inside the box.,那个好奇的孩子朝盒子里看。,
extreme,a.极其的，非常的,/ɪkstrˈim/,The runners had to stop because of the extreme heat.,由于天气极其炎热，跑步者不得不停下来。,
distance,n.距离,/dˈɪstəns/,We could see the mountains in the distance.,我们能看见远处的群山。,
pocket,n.（衣服的）口袋,/pˈɑkət/,I found a coin in my pocket.,我在口袋里发现了一枚硬币。,
ecology,n.生态，生态学,/ɪkˈɑlədʒi/,Students are learning how pollution affects local ecology.,学生们正在学习污染如何影响当地生态。,
complex,a./n.复杂的，建筑群,/kˈɑmplɛks/,This math problem looks complex at first.,这道数学题乍看起来很复杂。,
billion,num.十亿，百亿,/bˈɪljən/,Over a billion people use this app.,超过十亿人使用这个应用程序。,
relax,v.（使）放松，轻松,/rɪlˈæks/,I listen to soft music to relax.,我听轻柔的音乐来放松。,
fresh,a.新鲜的,/frˈɛʃ/,We bought fresh bread from the bakery.,我们从面包店买了新鲜面包。,
variety,n.种类,/vərˈaɪəti/,The market sells a variety of fruits.,市场出售各种各样的水果。,
treatment,n.治疗，疗法,/trˈitmənt/,The patient needs treatment for his injured knee.,这位病人的膝伤需要治疗。,
feed,vt.喂（养）；饲（养）,/fˈid/,Remember to feed the cat before school.,上学前记得喂猫。,
access,n./v.通道，入径，存取（计算机文件）,/ˈæksˌɛs/,Every student has access to the school library.,每名学生都可以使用学校图书馆。,
upon,prep.在……上面,/əpˈɑn/,Once upon a time there lived a kind king.,从前有一位善良的国王。,
decrease,v.减少，减小，降低,/dɪkrˈis/,The number of wild pandas may decrease without protection.,如果没有保护，野生大熊猫的数量可能会减少。,
draw,v.绘画；绘制；拉，拖；提取（金钱）,/drˈɔ/,I like to draw animals in my notebook.,我喜欢在笔记本里画动物。,
measure,v.测量，衡量；重量是n.措施,/mˈɛʒər/,Use this ruler to measure the desk.,用这把尺子测量书桌。,
nutrition,n.营养，滋养,/nutrˈɪʃən/,Milk provides good nutrition for growing children.,牛奶为成长中的儿童提供良好营养。,
skipping,rope（跳绳用）绳,/skˈɪpɪŋ/,Mia brought a skipping rope to the playground.,米娅带了一根跳绳到操场。,
actual,a.实际的；现实的,/ˈæktʃəwəl/,The actual cost was lower than we expected.,实际花费比我们预想的低。,
turning,n.拐弯处，拐角处,/tˈɜrnɪŋ/,Take the first turning on your left.,在第一个拐弯处向左转。,
excellent,a.极好的，优秀的,/ˈɛksələnt/,You did an excellent job on the project.,你出色地完成了这个项目。,
invention,n.发明，创造,/ɪnvˈɛnʃən/,The telephone was an important invention.,电话是一项重要的发明。,
lack,n.&vt.缺乏，缺少,/lˈæk/,The plants died from a lack of water.,这些植物因缺水而枯死。,
ahead,ad.在前，向前,/əhˈɛd/,Go ahead and I will follow you.,你先往前走，我会跟着你。,
lecture,n.讲课，演讲,/lˈɛktʃər/,We attended a lecture about space travel.,我们听了一场关于太空旅行的讲座。,
leader,n.领袖，领导人,/lˈidər/,A good leader listens to every team member.,好的领导者会倾听每位团队成员的意见。,
score,n.&v.得分，分数,/skˈɔr/,Our team needs one more goal to score a win.,我们队还需要一个进球才能赢得比赛。,
unknown,a.不知道的,/ənnˈoʊn/,The cause of the strange sound is still unknown.,奇怪声响的原因仍然不明。,
limit,vt.限制；减少,/lˈɪmət/,Parents should limit children's screen time.,父母应该限制孩子使用屏幕的时间。,
individual,n.个人,/ˌɪndəvˈɪdʒəwəl/,Each individual can help protect the environment.,每个人都能为保护环境出力。,
include,vt.包含，包括,/ɪnklˈud/,The price will include breakfast and dinner.,这个价格将包括早餐和晚餐。,
appearance,n.出现，露面；容貌,/əpˈɪrəns/,Do not judge a person only by appearance.,不要只凭外表判断一个人。,
damage,n.&vt.毁坏，损害,/dˈæmədʒ/,The storm caused serious damage to the roof.,暴风雨对屋顶造成了严重破坏。,
length,n.长，长度，段，节,/lˈɛŋkθ/,We measured the length of the classroom.,我们测量了教室的长度。,
identity,n.身份，特征,/aɪdˈɛntəti/,The police checked his identity at the gate.,警察在门口核实了他的身份。,
temperature,n.温度,/tˈɛmprətʃər/,The temperature may fall below zero tonight.,今晚气温可能降到零度以下。,
cube,n.立方体,/kjˈub/,Put one ice cube into the glass.,往玻璃杯里放一块冰。,
brand,n.品牌,/brˈænd/,This local brand makes good sports shoes.,这个本土品牌生产优质运动鞋。,
vocabulary,n.词汇，词汇表,/voʊkˈæbjəlˌɛri/,Reading every day can improve your vocabulary.,每天阅读可以扩大你的词汇量。,
birdcage,n.鸟笼,/bˈɜrdkeɪdʒ/,The birdcage stood beside the window.,鸟笼放在窗户旁边。,
organize,vt.组织,/ˈɔrɡənˌaɪz/,We will organize a book sale next week.,我们下周将组织一次图书义卖。,
nervous,a.紧张不安的,/nˈɜrvəs/,I always feel nervous before speaking in public.,我在公开讲话前总会感到紧张。,
network,n.网络，网状系统,/nˈɛtwˌɜrk/,The computer network connects every classroom.,计算机网络连接着每间教室。,
unable,a.不能的，不能胜任的,/ənˈeɪbəl/,Tom was unable to open the locked door.,汤姆无法打开锁着的门。,
possibility,vn.可能，可能性,/pˌɑsəbˈɪləti/,There is a possibility of rain this afternoon.,今天下午有可能下雨。,
clothing,n.(总称)衣服,/klˈoʊðɪŋ/,Warm clothing is necessary in winter.,冬天需要穿保暖衣物。,
gift,n.礼物；天赋,/ɡˈɪft/,This watch was a birthday gift from my aunt.,这块手表是姑姑送我的生日礼物。,
rate,n./v.率，评估，评价,/rˈeɪt/,The doctor checked my heart rate.,医生检查了我的心率。,
volunteer,n./v.义工，自愿者，无偿做,/vˌɑləntˈɪr/,I work as a volunteer at the animal center.,我在动物救助中心做志愿者。,
spring,n.春天，春季n.泉水，泉,/sprˈɪŋ/,Many flowers open in spring.,许多花在春天开放。,
association,n.协会，社团，联系,/əsˌoʊsiˈeɪʃən/,Our school has an association for young artists.,我们学校有一个青年艺术家社团。,
apart,ad，/a.相隔，相距，除外,/əpˈɑrt/,The two villages are five kilometers apart.,这两个村庄相距五公里。,
excuse,n.借口.辩解vt.原谅.宽恕,/ɪkskjˈus/,Being tired is no excuse for being rude.,疲倦不是无礼的借口。,
worth,a.有…的价值，值得…的,/wˈɜrθ/,This old castle is worth visiting.,这座古城堡值得参观。,
strange,a.奇怪，奇特的，陌生的,/strˈeɪndʒ/,I heard a strange noise outside my window.,我听到窗外有奇怪的声音。,
reasonable,a.合乎情理的,/rˈizənəbəl/,The shop sells good shoes at a reasonable price.,这家商店以合理的价格出售优质鞋子。,
unlike,prep.不像，和…不同,/ənlˈaɪk/,"Unlike his brother, Sam enjoys cooking.",萨姆和哥哥不同，他喜欢做饭。,
exist,vi.存在,/ɪɡzˈɪst/,Some animals can exist only in warm places.,有些动物只能在温暖的地方生存。,
trustworthy,a.值得信赖的,/trˈʌstwˌɜrði/,A trustworthy friend always keeps a promise.,值得信赖的朋友总会信守承诺。,
international,a.国际的,/ˌɪntərnˈæʃənəl/,Our city will host an international music festival.,我们的城市将举办一场国际音乐节。,
software,n.软件,/sˈɔftwˌɛr/,This software helps me edit photos.,这个软件帮助我编辑照片。,
keyboard,n.键盘,/kˈibˌɔrd/,There is dust under the computer keyboard.,电脑键盘下面有灰尘。,
hardly,ad.几乎不,/hˈɑrdli/,I could hardly hear her in the noisy room.,房间里太吵，我几乎听不见她说话。,
suffering,n.痛苦，苦难,/sˈʌfərɪŋ/,The medicine reduced the patient's suffering.,这种药减轻了病人的痛苦。,
path,n.小道，小径,/pˈæθ/,We followed a narrow path through the woods.,我们沿着一条狭窄的小路穿过树林。,
lift,v.举起，抬起；（云、烟等）消散n.（英）电梯,/lˈɪft/,Can you help me lift this heavy bag?,你能帮我提起这个重包吗？,
neither,a.（两者）都不;也不,/nˈiðər/,Neither answer is correct.,两个答案都不正确。,
park,n.公园vt.停放（汽车）,/pˈɑrk/,The children played in the park after school.,孩子们放学后在公园里玩。,
optimistic,a.乐观的,/ˌɑptəmˈɪstɪk/,She is optimistic about the future.,她对未来很乐观。,
praise,n.&vt.赞扬，表扬,/prˈeɪz/,Teachers praise him for his kindness.,老师们表扬他的善良。,
particular,a.特殊的，个别的,/pərtˈɪkjələr/,This particular book is very useful.,这本特别的书很有用。,
match,vt.使相配，使成对n.比赛，竞赛n.火柴,/mˈætʃ/,This blue shirt will match your jeans.,这件蓝衬衫和你的牛仔裤很相配。,
major,a.较大的；主要的,/mˈeɪdʒər/,Air pollution is a major problem here.,空气污染是这里的一个主要问题。,
visual,a.视力的，视觉的,/vˈɪʒəwəl/,The chart gives us a clear visual guide.,这张图表为我们提供了清晰的视觉指引。,
genius,n.天才,/dʒˈinjəs/,Everyone thought the young inventor was a genius.,大家都认为这位年轻发明家是个天才。,
platform,n.讲台，(车站的)月台,/plˈætfˌɔrm/,We waited for the train on platform three.,我们在三号站台等火车。,
apply,v.申请；应用，运用,/əplˈaɪ/,I plan to apply for the school team.,我打算申请加入校队。,
obvious,a.显然,/ˈɑbviəs/,It was obvious that she was tired.,很明显她累了。,
worm,n.软体虫，蠕虫(尤指蚯蚓),/wˈɜrm/,The bird pulled a worm from the ground.,那只鸟从地里叼出一条蚯蚓。,
track,n.轨道；田径,/trˈæk/,The runners raced around the track.,选手们绕着跑道赛跑。,
trick,n.诡计，把戏,/trˈɪk/,The magician showed us a simple trick.,魔术师给我们表演了一个简单的把戏。,
equal,a.平等的vt.等于，使等于,/ˈikwəl/,All students should have equal chances.,所有学生都应该有平等的机会。,
object,n.物，物体；宾语,/ˈɑbdʒɛkt/,There was a strange object in the sky.,天空中有一个奇怪的物体。,
mask,n.口罩；面罩(具)；遮盖物v.戴面具；掩饰；伪装,/mˈæsk/,The doctor wore a mask at work.,医生工作时戴着口罩。,
direct,a./vt.直接的；直达的；直截了当的指挥；指导；监督；管理；指挥（演奏）；导演（电影）,/dərˈɛkt/,Is there a direct bus to the museum?,有直达博物馆的公交车吗？,
tourism,n.旅游业；观光,/tˈʊrˌɪzəm/,Tourism brings many visitors to the town.,旅游业为这个小镇带来了许多游客。,
appreciate,v.欣赏；感激,/əprˈiʃiˌeɪt/,I really appreciate your help.,我真的很感激你的帮助。,
certainly,ad.当然；一定，无疑,/sˈɜrtənli/,I will certainly keep your secret.,我一定会替你保守秘密。,
noisy,a.喧闹的，嘈杂的,/nˈɔɪzi/,The classroom became noisy after class.,下课后教室变得很吵闹。,
note,n.便条，笔记，注释；钞票，纸币；音符，音调vt.记下，记录；注意，留意,/nˈoʊt/,She left a note on my desk.,她在我的书桌上留了一张便条。,
patient,n.病人,/pˈeɪʃənt/,The patient is feeling much better today.,这位病人今天感觉好多了。,
nearby,a.附近的,/nˈɪrbˈaɪ/,We had lunch at a nearby restaurant.,我们在附近的一家餐馆吃了午饭。,
calm,a.镇静，沉着的v.镇静沉着,/kˈɑm/,Please stay calm during the storm.,暴风雨期间请保持镇静。,
magazine,n.杂志,/mˈæɡəzˌin/,I read an interesting science magazine.,我读了一本有趣的科学杂志。,
conclusion,n.结论；结束,/kənklˈuʒən/,We reached the same conclusion.,我们得出了相同的结论。,
warning,n.警报,/wˈɔrnɪŋ/,The dark clouds were a warning of rain.,乌云是即将下雨的警示。,
extremely,ad.极其，非常,/ɪkstrˈimli/,The water in the lake is extremely cold.,湖里的水非常冷。,
prize,n.奖赏，奖品,/prˈaɪz/,Linda won first prize in the contest.,琳达在比赛中获得了一等奖。,
respect,vt.&n.尊敬，尊重,/rɪspˈɛkt/,We should respect people with different ideas.,我们应该尊重持有不同观点的人。,
subject,a.隶属的；受支配的；易受…的；在…条件下vt.使隶属；使服从；使受到n.题目；主题；学科；主语；主体,/səbdʒˈɛkt/,Math is my favorite subject.,数学是我最喜欢的学科。,
repair,n.&vt.修理；修补,/rɪpˈɛr/,Dad will repair my broken bike.,爸爸会修理我坏掉的自行车。,
speaker,n.演讲人，演说家,/spˈikər/,The speaker told us an inspiring story.,演讲者给我们讲了一个鼓舞人心的故事。,
pet,n.宠物，爱畜,/pˈɛt/,My pet sleeps beside my bed.,我的宠物睡在我的床边。,
police,n.警察，警务人员,/pəlˈis/,The police helped the lost child.,警察帮助了那个迷路的孩子。,
attract,v.吸引，引起,/ətrˈækt/,Bright flowers attract many bees.,鲜艳的花朵吸引了许多蜜蜂。,
disappear,vi.消失,/dˌɪsəpˈɪr/,The rainbow began to disappear.,彩虹开始消失了。,
predict,v.预言，预告，预报,/prɪdˈɪkt/,Scientists can predict tomorrow's weather.,科学家可以预测明天的天气。,
fiction,n.小说，虚构的事,/fˈɪkʃən/,She enjoys reading science fiction.,她喜欢阅读科幻小说。,
electrical,a.电的；电器的,/ɪlˈɛktrɪkəl/,Do not touch electrical equipment with wet hands.,不要用湿手触碰电器设备。,
supply,vt.&n.供给，供应,/səplˈaɪ/,The truck will supply food to the village.,这辆卡车将为村庄供应食物。,
amazing,a.惊奇，惊叹的;震惊的,/əmˈeɪzɪŋ/,The view from the mountain was amazing.,山顶的景色令人惊叹。,
outer,a.外部的，外面的,/ˈaʊtər/,The outer wall of the house is white.,房子的外墙是白色的。,
promise,n.&vi.答应，允诺,/prˈɑməs/,I promise to return the book tomorrow.,我答应明天归还这本书。,
restaurant,n.饭馆，饭店,/rˈɛstərˌɑnt/,We ate noodles at a small restaurant.,我们在一家小饭馆吃了面条。,
click,v.点击（计算机用语）,/klˈɪk/,Please click the green button.,请点击绿色按钮。,
efficient,a.效率高的，有能力的,/ɪfˈɪʃənt/,This new machine is fast and efficient.,这台新机器又快又高效。,
ball,n.球n.舞会,/bˈɔl/,The boy kicked the ball across the field.,男孩把球踢过了球场。,
fairness,n.公平；公正,/fˈɛrnəs/,The coach treated every player with fairness.,教练公平地对待每一位队员。,
mention,n.提及；记载vt.提到，说起；提名表扬,/mˈɛnʃən/,He did not mention the accident.,他没有提到那场事故。,
replace,vt.取代,/rˌiplˈeɪs/,We need to replace the broken window.,我们需要更换破损的窗户。,
efficiency,n.效率；功效,/ɪfˈɪʃənsi/,The new plan improved our work efficiency.,新方案提高了我们的工作效率。,
mark,n.标记vt.标明，作记号于,/mˈɑrk/,Put a mark beside the correct answer.,在正确答案旁边做个记号。,
unpleasant,a.使人不愉快的,/ənplˈɛzənt/,There was an unpleasant smell in the room.,房间里有一股难闻的气味。,
disagreement,n.意见不一致；相违；争论,/dɪsəɡrˈimənt/,Their disagreement ended after a short talk.,他们简短交谈后消除了分歧。,
shame,n.遗憾的事；羞愧,/ʃˈeɪm/,It is a shame that you missed the show.,你错过了演出真遗憾。,
silent,a.无声的，无对话的,/sˈaɪlənt/,The hall became silent when she entered.,她进来时大厅变得鸦雀无声。,
cook,n.炊事员，厨师v.烹调，做饭,/kˈʊk/,My father can cook delicious meals.,我爸爸会做美味的饭菜。,
please,v.请，使人高兴，使人满意,/plˈiz/,I hope my answer will please the teacher.,我希望我的回答能让老师满意。,
cycle,vi.骑自行车,/sˈaɪkəl/,We often cycle to school together.,我们经常一起骑自行车上学。,
struggle,vi.斗争,/strˈʌɡəl/,Some students struggle with this math problem.,一些学生努力解决这道数学题。,
expression,n.表达；词句；表示，说法；表情,/ɪksprˈɛʃən/,A smile was the only expression on his face.,微笑是他脸上唯一的表情。,
tasty,a.味道好的,/tˈeɪsti/,These vegetable dumplings are very tasty.,这些蔬菜饺子很好吃。,
preference,n.选择，趋向,/prˈɛfərəns/,Everyone has a different food preference.,每个人都有不同的食物偏好。,
storage,n.贮藏；储存,/stˈɔrədʒ/,This box is useful for storage.,这个箱子很适合储物。,
eager,a.渴望的，热切的,/ˈiɡər/,The children were eager to see the pandas.,孩子们渴望看到大熊猫。,
stage,n.舞台；阶段,/stˈeɪdʒ/,She sang confidently on the stage.,她在舞台上自信地唱歌。,
encouragement,n.鼓励,/ɛnkˈɜrɪdʒmənt/,Her words gave me great encouragement.,她的话给了我很大的鼓励。,
ordinary,a.普通的，平常的,/ˈɔrdənˌɛri/,It looked like an ordinary school day.,这看起来是一个普通的上学日。,
drawing,n.图画，素描，绘画,/drˈɔɪŋ/,His drawing of the river won a prize.,他的河流画作获了奖。,
convenience,n.便利,/kənvˈinjəns/,Online shopping brings us great convenience.,网上购物给我们带来了很大的便利。,
awake,v.唤醒a.醒着的,/əwˈeɪk/,I was still awake at midnight.,午夜时我仍然醒着。,
aware,a.知道，意识到，发觉,/əwˈɛr/,Are you aware of the danger?,你意识到危险了吗？,
ride,v.骑（马、自行车）；乘车n.乘车旅行,/rˈaɪd/,Can you ride a horse?,你会骑马吗？,
chips,n.(pl.)炸土豆条（片）（复数）,/tʃˈɪps/,We shared a bag of chips after school.,放学后我们分享了一袋薯片。,
mess,n.凌乱,/mˈɛs/,Please clean up the mess in your room.,请收拾你房间里的脏乱。,
sentence,n.句子，判决,/sˈɛntəns/,Write a sentence about your family.,写一个关于你家人的句子。,
hang,v.悬挂，吊着；把……吊起,/hˈæŋ/,Please hang your coat by the door.,请把你的外套挂在门边。,
introduction,n.引进，介绍,/ˌɪntrədˈʌkʃən/,The book has a short introduction.,这本书有一篇简短的介绍。,
crew,n.全体船员,/krˈu/,The ship's crew worked through the storm.,全体船员在暴风雨中继续工作。,
pretend,vi.假装，装作,/pritˈɛnd/,Do not pretend to be asleep.,不要假装睡着了。,
react,v.回应，过敏，起物理，化学反应,/riˈækt/,How did your parents react to the news?,你的父母对这个消息有何反应？,
review,vt.重新调查；回顾；复习n.复查；复习；评论,/rˌivjˈu/,I need to review these notes before the test.,考试前我需要复习这些笔记。,
pretty,a.漂亮的，俊俏的,/prˈɪti/,She wore a pretty yellow dress.,她穿着一条漂亮的黄色连衣裙。,
virtual,a.虚拟的；几乎…的，事实上的，实际上的,/vˈɜrtʃuəl/,We took a virtual tour of the museum.,我们进行了一次博物馆虚拟参观。,
private,a.私人的,/prˈaɪvət/,This is a private conversation.,这是一次私人谈话。,
mentally,ad.精神上；智力上,/mˈɛntəli/,Regular exercise keeps us mentally healthy.,经常锻炼让我们保持心理健康。,
except,prep.除……之外,/ɪksˈɛpt/,Everyone came to the party except Tom.,除了汤姆以外，所有人都来参加聚会了。,
repeat,vt.重说，重做,/rɪpˈit/,Could you repeat the question?,你能把问题再说一遍吗？,
memorize,v.记忆,/mˈɛmərˌaɪz/,We must memorize the poem by Friday.,我们必须在周五前背下这首诗。,
tough,a.坚硬的；结实的；棘手的，难解的,/tˈʌf/,The final question was very tough.,最后一道题非常棘手。,
meanwhile,ad.同时,/mˈinwˌaɪl/,Mum made dinner; meanwhile I set the table.,妈妈做晚饭，同时我摆好了餐具。,
motor,n.发动机，马达,/mˈoʊtər/,The boat's motor suddenly stopped.,船的发动机突然停了。,
sex,n.性，性别,/sˈɛks/,The form asks for your name and sex.,这张表要求填写你的姓名和性别。,
straight,a.一直的，直的ad.一直地，直地,/strˈeɪt/,Walk straight until you reach the bank.,一直往前走，直到你到达银行。,
circle,n.圆圈v.盘旋,/sˈɜrkəl/,Draw a circle around the correct answer.,在正确答案周围画个圆圈。,
aside,ad.在旁边,/əsˈaɪd/,She stepped aside to let me pass.,她走到一旁让我通过。,
adolescence,n.青春，青春期,/ˌædəlˈɛsəns/,People experience many changes during adolescence.,人在青春期会经历许多变化。,
artificial,a.人工的，人造的,/ˌɑrtəfˈɪʃəl/,The room was decorated with artificial flowers.,房间用人造花装饰。,
false,a.不正确的；假的,/fˈɔls/,The story turned out to be false.,这个故事原来是假的。,
pepper,n.胡椒粉,/pˈɛpər/,Please add some pepper to the soup.,请往汤里加一些胡椒粉。,
rail,n.铁路,/rˈeɪl/,The city has a new rail system.,这座城市有一套新的铁路系统。,
capital,n.首都.省会.大写；资本,/kˈæpətəl/,Beijing is the capital of China.,北京是中国的首都。,
soil,n.土壤，土地,/sˈɔɪl/,These plants grow well in rich soil.,这些植物在肥沃的土壤中长得很好。,
recycle,vt.回收；再循环,/risˈaɪkəl/,We recycle paper and bottles at school.,我们在学校回收纸张和瓶子。,
electronic,a.电子的,/ɪlˌɛktrˈɑnɪk/,This electronic dictionary is easy to use.,这本电子词典很容易使用。,
weakness,n.软弱,/wˈiknəs/,Being impatient is his greatest weakness.,没有耐心是他最大的弱点。,
enable,v.使...能够,/ɛnˈeɪbəl/,These glasses enable her to see clearly.,这副眼镜使她能够看清楚。,
quiet,a.安静的；寂静的,/kwˈaɪət/,Please keep quiet in the library.,请在图书馆里保持安静。,
expectation,n.预料；期望,/ˌɛkspɛktˈeɪʃən/,The result was beyond our expectation.,结果超出了我们的预料。,
delicious,a.美味的，可口的,/dɪlˈɪʃəs/,Grandma made a delicious apple pie.,奶奶做了一个美味的苹果派。,
sudden,a.突然的,/sˈʌdən/,A sudden noise woke the baby.,一声突如其来的响声吵醒了宝宝。,
condition,n.条件，状况,/kəndˈɪʃən/,The bike is still in good condition.,这辆自行车的状况仍然很好。,
serve,vt.招待（顾客等），服务,/sˈɜrv/,This restaurant can serve lunch quickly.,这家餐馆能很快供应午餐。,
intake,n.摄取量,/ˈɪntˌeɪk/,You should limit your daily sugar intake.,你应该限制每天的糖摄取量。,
dinner,n.正餐，宴会,/dˈɪnər/,Our family eats dinner together every evening.,我们一家每天晚上一起吃晚饭。,
recipe,n.烹饪法，食谱,/rˈɛsəpi/,I followed the recipe to make the cake.,我按照食谱做了蛋糕。,
equipment,n.装备，设备,/ɪkwˈɪpmənt/,Our school bought new sports equipment.,我们学校购买了新的体育器材。,
partner,n.搭档，合作者,/pˈɑrtnər/,My partner helped me finish the project.,我的搭档帮助我完成了项目。,
expand,v.扩大，增加，扩展,/ɪkspˈænd/,The school plans to expand its library.,学校计划扩建图书馆。,
independent,a.独立的，有主见的,/ˌɪndɪpˈɛndənt/,She became more independent at middle school.,她上中学后变得更加独立。,
spoken,a.口语的,/spˈoʊkən/,This course will improve your spoken English.,这门课程会提高你的英语口语。,
unimportant,a.不重要的，无意义,/ənɪmpˈɔrtənt/,The small mistake is unimportant.,这个小错误并不重要。,
direction,n.方向；方位,/dərˈɛkʃən/,The wind changed direction this morning.,今天早上风向变了。,
handle,n.柄，把柄v.处理,/hˈændəl/,She can handle the problem by herself.,她能够独自处理这个问题。,
specific,a.明确的，具体的，独特的,/spəsˈɪfɪk/,Please give me a specific example.,请给我一个具体的例子。,
web,n.网，网状物,/wˈɛb/,A spider was building its web.,一只蜘蛛正在织网。,
overweight,a.太胖的，超重的,/ˌoʊvərwˈeɪt/,The doctor said the dog was overweight.,医生说这只狗超重了。,
observe,v.观察；遵守；过节；评价,/əbzˈɜrv/,We used a telescope to observe the moon.,我们用望远镜观察月球。,
headache,n.头疼,/hˈɛdˌeɪk/,The loud music gave me a headache.,嘈杂的音乐让我头疼。,
account,n.账目;描述,/əkˈaʊnt/,I opened a bank account yesterday.,我昨天开了一个银行账户。,
admit,vt.承认，准许（入场，入学，入会）,/ədmˈɪt/,He was afraid to admit his mistake.,他不敢承认自己的错误。,
wise,a.聪明，英明的，有见识的,/wˈaɪz/,It was wise to bring an umbrella.,带一把雨伞是明智的。,
official,n.（公司、团体或政府）官员，高级职员a.官方，政府的,/əfˈɪʃəl/,An official announced the new rule.,一名官员宣布了新规定。,
chemist,n.药剂师；化学家,/kˈɛmɪst/,The chemist tested the water in the lab.,化学家在实验室检测了水。,
achievable,adj.可达到的,/ətʃˈivəbəl/,Your goal is difficult but achievable.,你的目标虽难却可以实现。,
evolution,n.进化，演变,/ˌɛvəlˈuʃən/,We studied human evolution in science class.,我们在科学课上学习了人类进化。,
protection,n.保护,/prətˈɛkʃən/,This helmet provides protection for your head.,这顶头盔能保护你的头部。,
hide,v.把…藏起来，隐藏,/hˈaɪd/,The cat likes to hide under the bed.,这只猫喜欢躲在床下。,
wave,n.（热、光、声等的）波，波浪v.挥手，挥动，波动,/wˈeɪv/,She gave us a wave from the bus.,她在公交车上向我们挥了挥手。,
criticize,vt批评，批判,/krˈɪtɪsˌaɪz/,It is easy to criticize others.,批评别人很容易。,
guidance,n.引导，指导,/ɡˈaɪdəns/,I finished the task with my teacher's guidance.,我在老师的指导下完成了任务。,
cow,n.母牛，奶牛,/kˈaʊ/,The cow eats grass in the field.,奶牛在田野里吃草。,
cell,n.（监狱的）单人牢房；（修道院等的）单人小室；（蜂巢的）小蜂窝，蜂房；［生物］细胞,/sˈɛl/,Every living thing is made of at least one cell.,每种生物都由至少一个细胞构成。,
determine,vt.决定；决心,/dətˈɜrmən/,The test will determine which group you join.,这次测试将决定你加入哪个小组。,
current,adj.当前的，现在的,/kˈɜrənt/,The current weather is warm and sunny.,目前的天气温暖而晴朗。,
rock,n.岩石，大石头vt.摇，摇晃,/rˈɑk/,The child picked up a smooth rock.,孩子捡起了一块光滑的石头。,
awful,a.可怕的，极讨厌的,/ˈɑfəl/,The food had an awful smell.,这食物有一股难闻的气味。,
violence,n.暴力行为,/vˈaɪələns/,The film contains no violence.,这部电影不含暴力内容。,
trend,n.趋势，倾向，动态,/trˈɛnd/,This trend is popular among young people.,这种趋势在年轻人中很流行。,
plenty,n.充足，大量,/plˈɛnti/,We have plenty of time to finish.,我们有充足的时间完成。,
survival,n.存活，幸存,/sərvˈaɪvəl/,Clean water is necessary for survival.,干净的水是生存所必需的。,
puzzle,n.难题，（字、画）谜,/pˈʌzəl/,This puzzle is easier than it looks.,这个谜题比看起来容易。,
available,a.可获得的，有空的,/əvˈeɪləbəl/,The doctor is available this afternoon.,医生今天下午有空。,
competitive,a.有竞争力的，竞争力强的,/kəmpˈɛtətɪv/,Our school has a competitive basketball team.,我们学校有一支很有竞争力的篮球队。,
wake,v.醒来，叫醒,/wˈeɪk/,Please wake me at seven tomorrow.,明天请在七点叫醒我。,
nap,n.午睡,/nˈæp/,Grandpa takes a short nap after lunch.,爷爷午饭后会小睡一会儿。,
traffic,n.交通，来往车辆,/trˈæfɪk/,Heavy traffic made us late for school.,拥挤的交通使我们上学迟到了。,
adolescent,n.青少年,/ˌædəlˈɛsənt/,Every adolescent needs care and respect.,每个青少年都需要关爱和尊重。,
thus,ad.这样；因而,/ðˈʌs/,"It was raining, and thus the game was canceled.",当时在下雨，因此比赛被取消了。,
taste,n.品尝，尝味；味道vt.品尝，尝味,/tˈeɪst/,This soup has a rich taste.,这汤味道很浓郁。,
intervention,n.干涉，干预，介入,/ˌɪntərvˈɛntʃən/,The teacher's intervention stopped the argument.,老师的介入制止了争吵。,
post,n.邮政，邮寄，邮件v.投寄；邮寄,/pˈoʊst/,I will post the letter on my way home.,我会在回家路上把信寄出去。,
mass,n.众多;大量;（复）群众,/mˈæs/,A mass of clouds covered the sky.,大片云朵遮住了天空。,
reliable,a.可信赖的，可依靠的,/rɪlˈaɪəbəl/,Amy is reliable and always keeps her promises.,艾米很可靠，总是信守承诺。,
technique,n.技术;技巧，方法,/tɛknˈik/,This simple technique can improve your drawing.,这个简单的技巧能提高你的绘画水平。,
persuade,vt.说服，劝说,/pərswˈeɪd/,I tried to persuade Dad to ride a bike.,我试着说服爸爸骑自行车。,
dry,v.使…干；弄干；擦干a.干的；干燥的,/drˈaɪ/,Leave your wet shoes outside to dry.,把湿鞋放在外面晾干。,
tongue,n.舌，舌头,/tˈʌŋ/,The hot soup burned my tongue.,热汤烫到了我的舌头。,
staff,n.全体职工（雇员）,/stˈæf/,The hotel staff were friendly and helpful.,酒店全体员工都很友善且乐于助人。,
toothbrush,n.牙刷,/tˈuθbrəʃ/,I packed my toothbrush for the trip.,我为旅行收好了牙刷。,
reviewer,n.评论者；书评家,/rivjˈuər/,The reviewer praised the book's exciting story.,评论者称赞了这本书精彩的故事。,
transport,v.使产生身临其境的感觉;运输，运送,/trænspˈɔrt/,Trucks transport fresh food to the city.,卡车把新鲜食物运到城里。,
coral,n.珊瑚；珊瑚虫,/kˈɔrəl/,Colorful fish swam around the coral.,色彩鲜艳的鱼在珊瑚周围游动。,
liquid,n.&a.液体；液体的,/lˈɪkwəd/,Water is a clear liquid.,水是一种透明液体。,
president,n.总统；主席,/prˈɛzədˌɛnt/,The club president welcomed the new members.,俱乐部主席欢迎了新成员。,
attraction,n.吸引，爱慕,/ətrˈækʃən/,The old castle is the town's main attraction.,这座古堡是镇上的主要景点。,
silence,n.安静，沉默,/sˈaɪləns/,The class waited in silence for the results.,全班安静地等待结果。,
agreement,n.同意，一致；协定，协议,/əɡrˈimənt/,The two teams reached an agreement at last.,两队最终达成了协议。,
divide,vt.分，划分,/dɪvˈaɪd/,Let's divide the cake into eight pieces.,我们把蛋糕分成八块吧。,
worthy,a.值得的,/wˈɜrði/,Her brave act is worthy of praise.,她的勇敢行为值得赞扬。,
nor,conj.也不,/nˈɔr/,"Jack cannot swim, nor can his brother.",杰克不会游泳，他弟弟也不会。,
external,a.外部的，外在的,/ɪkstˈɜrnəl/,The camera has an external microphone.,这台相机配有外置麦克风。,
demand,vt.要求,/dɪmˈænd/,The workers demand a safer workplace.,工人们要求有一个更安全的工作场所。,
tradition,n.传统，风俗,/trədˈɪʃən/,Eating together is a family tradition.,一起吃饭是我们家的传统。,
collection,n.收藏品，收集物,/kəlˈɛkʃən/,Mia showed me her stamp collection.,米娅给我看了她的邮票收藏。,
coin,n.硬币v.创造,/kˈɔɪn/,I found an old coin under the sofa.,我在沙发下面发现了一枚旧硬币。,
consideration,n.考虑；关心,/kənsˌɪdərˈeɪʃən/,Please give my idea some consideration.,请考虑一下我的想法。,
presentation,n.演示，演出,/prˌɛzəntˈeɪʃən/,Leo gave a short presentation about space.,利奥做了一个关于太空的简短演示。,
outgoing,a.爱交际的，外向的,/ˈaʊtɡˌoʊɪŋ/,My outgoing sister enjoys meeting new people.,我外向的姐姐喜欢结识新朋友。,
keeper,n.（动物园中的）饲养员，看守人,/kˈipər/,The keeper feeds the pandas every morning.,饲养员每天早晨给熊猫喂食。,
lifetime,n.一生，终生,/lˈaɪftˌaɪm/,She hopes to travel around the world in her lifetime.,她希望有生之年能环游世界。,
afford,vt.负担得起（……的费用）；抽得出（时间）；提供,/əfˈɔrd/,We cannot afford a new car right now.,我们目前买不起新车。,
gentle,a.温柔的，轻轻的,/dʒˈɛntəl/,Be gentle when you hold the baby bird.,抱小鸟时动作要轻柔。,
institute,n.(研究)所，院，学院,/ˈɪnstətˌut/,The institute studies new ways to save energy.,这家研究所研究节约能源的新方法。,
diary,n.日记；日记簿,/dˈaɪəri/,Nina writes in her diary every night.,妮娜每天晚上都写日记。,
inspire,vt.鼓舞；激励,/ɪnspˈaɪr/,Great teachers inspire students to keep trying.,优秀的老师激励学生不断尝试。,
rise,vi.上升，上涨,/rˈaɪz/,We watched the sun rise over the sea.,我们看着太阳从海面升起。,
consume,v.消耗，耗费（燃料，能量，时间等）,/kənsˈum/,Old machines consume too much electricity.,旧机器消耗太多电力。,
seldom,ad.很少，不常,/sˈɛldəm/,We seldom eat out on school nights.,上学期间的晚上我们很少外出吃饭。,
dialogue,n.对话,/dˈaɪəlˌɔɡ/,The play begins with a funny dialogue.,这出戏以一段有趣的对话开场。,
member,n.成员，会员,/mˈɛmbər/,Every member of the team has a job.,团队中的每个成员都有一项任务。,
unfortunately,ad.不幸地,/ənfˈɔrtʃənətli/,"Unfortunately, our picnic was canceled by the rain.",不幸的是，我们的野餐因下雨而取消了。,
uncertain,a.不确定的,/ənsˈɜrtən/,I am uncertain about the answer to this question.,我不确定这道题的答案。,
patience,n.容忍；耐心,/pˈeɪʃəns/,Learning to play the piano takes patience.,学习弹钢琴需要耐心。,
abroad,ad.到（在）国外,/əbrˈɔd/,My cousin plans to study abroad next year.,我表哥计划明年去国外学习。,
appetite,n.食欲，胃口,/ˈæpətˌaɪt/,The long walk gave me a good appetite.,长时间步行让我胃口大开。,
fix,vt.修理；安装；确定，决定,/fˈɪks/,Can you help me fix my broken bike?,你能帮我修理坏掉的自行车吗？,
schedule,n.工作计划，日程安排v.安排时间，预定,/skˈɛdʒʊl/,My schedule is full this afternoon.,我今天下午的日程排满了。,
bathroom,n.浴室，盥洗室,/bˈæθrˌum/,Ben washed his hands in the bathroom.,本在盥洗室里洗了手。,
remove,vt.移动，拿走，脱掉（衣服等）,/rimˈuv/,Please remove your shoes before entering.,进入前请脱鞋。,
deadly,adj.致命的；非常,/dˈɛdli/,This snake's bite can be deadly.,这种蛇咬伤可能致命。,
infection,n.感染,/ɪnfˈɛkʃən/,Wash the cut to prevent infection.,清洗伤口以防感染。,
charge,v.要求收费；索价；将(电池)充电n.费用；价钱,/tʃˈɑrdʒ/,They charge ten yuan for each ticket.,他们每张票收费十元。,
academy,n.专科学院，（美）私立学校,/əkˈædəmi/,She studies music at a famous academy.,她在一所著名的专科学院学习音乐。,
monitor,n.（班级内的）班长；纠察生；监视器,/mˈɑnətər/,The class monitor collected our homework.,班长收了我们的作业。,
screen,n.幕，荧光屏,/skrˈin/,The message appeared on the screen.,消息出现在屏幕上。,
aspect,n.方面，外观，外表,/ˈæspˌɛkt/,Safety is the most important aspect of the plan.,安全是这项计划最重要的方面。,
strategy,n.策略，战略,/strˈætədʒi/,Our strategy helped us win the game.,我们的策略帮助我们赢得了比赛。,
statement,n.声明，陈诉，说法,/stˈeɪtmənt/,The witness gave a clear statement to the police.,目击者向警方作了清楚的陈述。,
automatic,a.自动的，机械的,/ˌɔtəmˈætɪk/,The automatic doors opened as we approached.,我们走近时，自动门打开了。,
youth,n.青春；青年,/jˈuθ/,He spent his youth in a small village.,他的青年时代是在一个小村庄度过的。,
lock,n.锁vt.锁，锁上,/lˈɑk/,Remember to lock the door when you leave.,离开时记得锁门。,
athlete,n.运动员,/ˈæθlˌit/,The young athlete trains every morning.,这名年轻运动员每天早晨训练。,
container,n.容器,/kəntˈeɪnər/,Put the rice in a clean container.,把米放进一个干净的容器里。,
destroy,vt.破坏，毁坏,/dɪstrˈɔɪ/,A large fire could destroy the forest.,一场大火可能会毁掉这片森林。,
harmless,a.无害的;不致伤的,/hˈɑrmləs/,This small spider is harmless to people.,这种小蜘蛛对人无害。,
beat,v.敲打；跳动；打赢n.（音乐）节拍,/bˈit/,Our team hopes to beat the city champions.,我们队希望击败市冠军队。,
escape,n.&vi.逃跑；逃脱,/ɪskˈeɪp/,The rabbit found a way to escape.,兔子找到了逃跑的办法。,
aggressive,a.侵略的；咄咄逼人,/əɡrˈɛsɪv/,The dog becomes aggressive around strangers.,这只狗在陌生人身边会变得很有攻击性。,
political,a.政治的,/pəlˈɪtəkəl/,They discussed the country's political future.,他们讨论了这个国家的政治前景。,
universe,n.宇宙,/jˈunəvˌɜrs/,Scientists still have much to learn about the universe.,科学家对宇宙仍有许多需要了解。,
advanced,adj.先进的，高级的,/ədvˈænst/,The hospital uses advanced medical equipment.,这家医院使用先进的医疗设备。,
basis,n.原因，缘由，要素,/bˈeɪsəs/,Trust is the basis of a strong friendship.,信任是牢固友谊的基础。,
position,n.位置,/pəzˈɪʃən/,Please keep the chair in its original position.,请把椅子留在原来的位置。,
per,prep.每，每一,/pˈɜr/,The speed limit is sixty kilometers per hour.,限速是每小时六十公里。,
skip,v.蹦蹦跳跳；跳绳,/skˈɪp/,The children like to skip across the playground.,孩子们喜欢蹦蹦跳跳地穿过操场。,
attractive,a.迷人的，有吸引力的,/ətrˈæktɪv/,The colorful poster is very attractive.,这张色彩鲜艳的海报很吸引人。,
resist,v.抵抗；挡开,/rɪzˈɪst/,I could not resist the smell of fresh bread.,我无法抵挡新鲜面包的香味。,
favourite,a.喜爱的n.特别喜爱的人（或物）,/ˈfeɪvərɪt/,Blue is my favourite color.,蓝色是我最喜欢的颜色。,
cover,n.盖子；罩v.覆盖，遮盖；掩盖,/kˈʌvər/,Dark clouds cover the top of the mountain.,乌云遮住了山顶。,
mouth,n.嘴，口,/mˈaʊθ/,She covered her mouth when she coughed.,她咳嗽时捂住了嘴。,
marketing,n.促销；营销；销售活动,/mˈɑrkətɪŋ/,Good marketing helped the shop attract customers.,良好的营销帮助这家商店吸引了顾客。,
outdoors,ad.在户外，在野外,/ˈaʊtdˈɔrz/,We ate lunch outdoors in the sunshine.,我们在阳光下的户外吃了午饭。,
wind,n.风vt.缠绕；蜿蜒，弯曲,/wˈaɪnd/,The strong wind shook the windows.,强风吹得窗户直晃。,
footprint,n.脚印,/fˈʊtprˌɪnt/,We saw a large footprint in the mud.,我们在泥地里看到了一个大脚印。,
gas,n.煤气,/ɡˈæs/,Turn off the gas after cooking.,做完饭后关掉煤气。,
bean,n.豆，豆科植物,/bˈin/,I planted a bean in a small pot.,我在一个小花盆里种了一颗豆子。,
attack,vt./n.攻击，袭击,/ətˈæk/,The soldiers prepared for an attack at dawn.,士兵们为黎明时的袭击做好了准备。,
constant,a.经常的，不断的,/kˈɑnstənt/,The constant noise made it hard to study.,持续不断的噪音让人难以学习。,
unwilling,a.不愿意的，勉强的,/ənwˈɪlɪŋ/,Tom was unwilling to admit his mistake.,汤姆不愿承认自己的错误。,
revision,n.修订；复习，温习,/rivˈɪʒən/,I need an hour of revision before the test.,考试前我需要复习一个小时。,
behaviour,n.行为，举止,/bɪˈheɪvjər/,His polite behaviour impressed the guests.,他礼貌的举止给客人留下了深刻印象。,
wander,vi.漫游，游荡，漫步，流浪,/wˈɑndər/,Do not wander away from the group.,不要离开队伍到处乱走。,
cave,n.洞，穴；地窖,/kˈeɪv/,The bears slept inside a dark cave.,熊在一个黑暗的洞穴里睡觉。,
inspiration,n.鼓舞；灵感,/ˌɪnspərˈeɪʃən/,Nature is a great source of inspiration for her paintings.,大自然是她绘画灵感的重要来源。,
notebook,n.笔记簿,/nˈoʊtbˌʊk/,I wrote the address in my notebook.,我把地址写在了笔记本里。,
feature,v.以...为主要特征,/fˈitʃər/,The school show will feature local young singers.,学校演出将以当地年轻歌手为主角。,
judge,n.裁判；审判员；法官vt.判断，断定,/dʒˈʌdʒ/,Do not judge people by their clothes.,不要根据衣着判断别人。,
dioxide,n.二氧化物,/daɪˈɑksˌaɪd/,Trees take in carbon dioxide from the air.,树木从空气中吸收二氧化碳。,
beach,n.海滨，海滩,/bˈitʃ/,We collected shells on the beach.,我们在海滩上捡贝壳。,
spare,a.空闲，多余的，剩余的,/spˈɛr/,I read comics in my spare time.,我在空闲时间看漫画。,
grain,n.谷物，谷类,/ɡrˈeɪn/,This bag of grain is very heavy.,这袋谷物很重。,
band,n.乐队,/bˈænd/,The school band played at the festival.,学校乐队在节日庆典上演奏了。,
pace,n.步子；节奏,/pˈeɪs/,We walked at a steady pace.,我们以稳定的步伐行走。,
adaptation,n.适应，改编本,/ˌædəptˈeɪʃən/,The film is an adaptation of a famous novel.,这部电影改编自一部著名小说。,
opening,n.开放，口子,/ˈoʊpənɪŋ/,Light came through a small opening in the wall.,光从墙上的一个小口照了进来。,
vegetable,n.蔬菜,/vˈɛdʒtəbəl/,A carrot is my favourite vegetable.,胡萝卜是我最喜欢的蔬菜。,
expose,vt.揭露,/ɪkspˈoʊz/,The report may expose the truth about the accident.,这份报告可能会揭露事故的真相。,
scan,v.略读，浏览，扫描,/skˈæn/,Please scan the page for the answer.,请浏览这一页寻找答案。,
widespread,a.分布广的，普遍的,/wˈaɪdsprˈɛd/,The storm caused widespread damage.,暴风雨造成了大范围的破坏。,
ignore,v.忽视，对…不理会,/ɪɡnˈɔr/,You should not ignore a warning sign.,你不应该忽视警告标志。,
conclude,v.完成，结束,/kənklˈud/,The teacher will conclude the lesson with a quiz.,老师将以一次小测验结束这堂课。,
revolution,n.革命，变革,/rˌɛvəlˈuʃən/,The invention caused a revolution in communication.,这项发明引发了通信领域的变革。,
download,n.&v.下载,/dˈaʊnlˌoʊd/,You can download the map before your trip.,你可以在出发前下载地图。,
mature,a.成熟的,/mətʃˈʊr/,She is mature enough to make her own choice.,她已经足够成熟，可以自己作决定。,
invite,vt.邀请，招待,/ɪnvˈaɪt/,Let's invite our neighbors to dinner.,我们邀请邻居来吃晚饭吧。,
analyze,v.分析,/ˈænəlˌaɪz/,We need to analyze the results carefully.,我们需要仔细分析结果。,
mirror,n.镜子,/mˈɪrər/,He checked his hair in the mirror.,他对着镜子检查了头发。,
overlook,v.忽略，不予理会,/ˈoʊvərlˌʊk/,Do not overlook small mistakes in your work.,不要忽略作业中的小错误。,
moral,a.道德的n.寓意，道德启示,/mˈɔrəl/,The moral of the story is to be honest.,这个故事的寓意是要诚实。,
refuse,vi.拒绝，不愿,/rəfjˈuz/,I refuse to tell a lie for you.,我拒绝为你撒谎。,
aim,n.目的；目标v.计划，打算；瞄准；针对,/ˈeɪm/,Our main aim is to protect the river.,我们的主要目标是保护这条河。,
cream,n.奶油，乳脂,/krˈim/,She added some cream to her coffee.,她在咖啡里加了一些奶油。,
indeed,a.确实；实在,/ɪndˈid/,The test was indeed harder than expected.,这次考试确实比预想的难。,
standard,n.&a.标准（的）,/stˈændərd/,All the rooms meet the same safety standard.,所有房间都符合相同的安全标准。,
demanding,adj.需求高的,/dɪmˈændɪŋ/,Climbing the mountain was a demanding task.,爬这座山是一项要求很高的任务。,
magic,a.有魔力的,/mˈædʒɪk/,The magic ring could make him invisible.,这枚魔戒能让他隐身。,
shy,a.害羞的,/ʃˈaɪ/,The shy boy spoke in a low voice.,那个害羞的男孩低声说话。,
heel,n.脚后跟,/hˈil/,A sharp stone hurt my heel.,一块尖石头弄伤了我的脚后跟。,
publication,n.出版,/pˌʌblɪkˈeɪʃən/,The book is ready for publication.,这本书已准备好出版。,
character,n.（汉）字.字体；品格,/kˈɛrɪktər/,This Chinese character means water.,这个汉字的意思是水。,
due,a.预期的；约定的,/dˈu/,The train is due at six o'clock.,火车预计六点到达。,
coach,n.教练；马车；长途车,/kˈoʊtʃ/,Our coach showed us how to pass the ball.,我们的教练教我们如何传球。,
essential,a.必不可少的,/ɪsˈɛnʃəl/,Clean air is essential for good health.,清洁的空气对健康至关重要。,
daylight,n.日光，白昼；黎明,/dˈeɪlˌaɪt/,We returned home before the daylight faded.,我们在日光消失前回到了家。,
survive,v.生存，存活，幸免于难,/sərvˈaɪv/,These plants can survive a cold winter.,这些植物能熬过寒冷的冬天。,
bear,v.承受，负担，承担；忍受；容忍n.熊,/bˈɛr/,I cannot bear this loud noise any longer.,我再也无法忍受这种噪音了。,
personally,ad.就自己而言,/pˈɜrsənəli/,"Personally, I prefer walking to taking the bus.",就我个人而言，我更喜欢走路而不是乘公交车。,
mixture,n.混合物,/mˈɪkstʃər/,The cake uses a mixture of flour and eggs.,这个蛋糕用的是面粉和鸡蛋的混合物。,
province,n.省,/prˈɑvəns/,My grandparents live in a northern province.,我的祖父母住在北方的一个省。,
fantastic,a.(口语)极好的，美妙的，很棒的,/fæntˈæstɪk/,We had a fantastic time at the beach.,我们在海滩度过了一段美妙的时光。,
zero,n.&num.零，零度，零点,/zˈɪroʊ/,The temperature fell below zero last night.,昨晚气温降到了零度以下。,
phrase,n.短语；习惯用语,/frˈeɪz/,Please use this phrase in a sentence.,请用这个短语造句。,
tank,n.储水容量；坦克,/tˈæŋk/,The rainwater tank is full.,雨水储水箱满了。,
shut,v./n.关上，封闭；禁闭；,/ʃˈʌt/,Please shut the door quietly.,请轻轻地关上门。,
attempt,vt.试图，尝试,/ətˈɛmpt/,I will attempt to finish the puzzle tonight.,我今晚会尝试完成这个拼图。,
unfair,a.不公平的，不公正的,/ənfˈɛr/,It is unfair to blame Tom alone.,只责怪汤姆一个人是不公平的。,
secondhand,n.二手货;旧货,/sˈɛkəndhˌænd/,Dad bought me a secondhand bicycle.,爸爸给我买了一辆二手自行车。,
addicted,a.上瘾，成瘾，入迷,/ədˈɪktəd/,He became addicted to online games.,他沉迷于网络游戏。,
relation,n.关系；亲属,/rilˈeɪʃən/,There is a close relation between sleep and health.,睡眠与健康之间有密切关系。,
electric,a.电的,/ɪlˈɛktrɪk/,This electric fan is very quiet.,这台电风扇很安静。,
concentrate,v.聚精会神,/kˈɑnsəntrˌeɪt/,I cannot concentrate with the television on.,电视开着时我无法集中注意力。,
battery,n.电池,/bˈætəri/,The clock needs a new battery.,这个钟需要一节新电池。,
argument,n.争论，辩论,/ˈɑrɡjəmənt/,The brothers had an argument over the toy.,兄弟俩为了那个玩具争吵了一番。,
laptop,n.笔记本电脑,/lˈæptˌɑp/,She uses her laptop to do homework.,她用笔记本电脑做作业。,
tablet,n.药片,/tˈæblət/,Take one tablet after dinner.,晚饭后服一片药。,
pull,拉，拖n.拉力，引力,/pˈʊl/,Pull the handle to open the drawer.,拉一下把手打开抽屉。,
chest,n.箱子；盒子；胸部,/tʃˈɛst/,He held the book against his chest.,他把书抱在胸前。,
suitable,a.合适的，适宜的,/sˈutəbəl/,This movie is suitable for young children.,这部电影适合年幼的孩子。,
motion,n.运动，移动,/mˈoʊʃən/,The gentle motion of the boat made me sleepy.,小船轻轻的摇动让我昏昏欲睡。,
sour,a.酸的，馊的,/sˈaʊər/,The lemon tastes very sour.,这个柠檬尝起来很酸。,
outcome,n.结果，效果,/ˈaʊtkˌʌm/,We are waiting for the outcome of the match.,我们正在等待比赛结果。,
biology,n.生物（学）,/baɪˈɑlədʒi/,We studied plants in biology class.,我们在生物课上学习了植物。,
refer,vi.谈到，提到，涉及，有关,/rəfˈɜr/,Please refer to the map if you get lost.,如果迷路了，请查阅地图。,
national,a.国家的，全国性的，民族的,/nˈæʃənəl/,The national flag flew above the school.,国旗在学校上空飘扬。,
assess,v.评价，评定（性质，质量）,/əsˈɛs/,The teacher will assess our projects tomorrow.,老师明天会评价我们的项目。,
satisfy,vt.满足，使满意,/sˈætəsfˌaɪ/,This simple meal will satisfy your hunger.,这顿简单的饭能让你吃饱。,
volume,n.体积，容积，容量；音量,/vˈɑljum/,Please turn down the volume of the radio.,请把收音机的音量调低。,
translate,vt.翻译,/trænzlˈeɪt/,Can you translate this letter into Chinese?,你能把这封信翻译成中文吗？,
accessible,a.可到达的，可接受的，易相处的）,/æksˈɛsəbəl/,The museum is accessible by bus.,乘公交车可以到达这家博物馆。,
fried,a.油煎的,/frˈaɪd/,We ate fried rice for lunch.,我们午饭吃了炒饭。,
captain,n.（海军）上校；船长，舰长；队长,/kˈæptən/,Our captain encouraged the whole team.,我们的队长鼓励了全队。,
disappointment,n.失望；沮丧,/dˌɪsəpˈɔɪntmənt/,Missing the final was a great disappointment.,错过决赛是一件非常令人失望的事。,
gifted,a.有天赋的；有才华的,/ɡˈɪftəd/,Lily is a gifted young musician.,莉莉是一位有天赋的年轻音乐家。,
sacrifice,vt.牺牲,/sˈækrəfˌaɪs/,Parents often sacrifice their free time for their children.,父母常常为了孩子牺牲自己的空闲时间。,
phenomenon,n.现象,/fənˈɑmənˌɑn/,A rainbow is a beautiful natural phenomenon.,彩虹是一种美丽的自然现象。,
compete,vi.比赛，竞赛,/kəmpˈit/,Four teams will compete in the final.,四支队伍将在决赛中比赛。,
breath,n.气息；呼吸,/brˈɛθ/,Take a deep breath before you speak.,说话前先深吸一口气。,
victim,n.受害者，牺牲品,/vˈɪktəm/,The victim called the police for help.,受害者打电话向警方求助。,
severe,a.极为恶劣，十分严重的,/səvˈɪr/,The storm caused severe damage to the village.,暴风雨给村庄造成了严重破坏。,
eventually,ad.最终地,/ɪvˈɛntʃəwəli/,"After two hours, we eventually found the path.",两小时后，我们终于找到了那条路。,
wildlife,n.野生动物,/wˈaɪldlˌaɪf/,The forest is home to much wildlife.,这片森林是许多野生动物的家园。,
customer,n.（商店）顾客，主顾,/kˈʌstəmər/,The customer asked for a glass of water.,那位顾客要了一杯水。,
deadline,n.最后期限，截止日期,/dˈɛdlˌaɪn/,Friday is the deadline for our science project.,星期五是我们科学项目的截止日期。,
worthwhile,a.值得做的,/wˈɜrθwˈaɪl/,Helping at the animal shelter was worthwhile.,在动物收容所帮忙是值得的。,
block,n.大块；（木、石等）块；街区；路障vt.阻塞；阻挡,/blˈɑk/,A fallen tree began to block the road.,一棵倒下的树开始阻塞道路。,
bowl,n.碗,/bˈoʊl/,She poured the soup into a bowl.,她把汤倒进一个碗里。,
extraordinary,a.离奇的；使人惊奇的,/ɪkstrˈɔrdənˌɛri/,The little bird showed extraordinary courage.,这只小鸟表现出了非凡的勇气。,
sweat,n.汗，汗水,/swˈɛt/,Sweat ran down his face after the race.,赛跑后，汗水顺着他的脸流下来。,
nursing,n.(职业性的）保育，护理,/nˈɜrsɪŋ/,Her sister is studying nursing at college.,她姐姐正在大学学习护理。,
concept,n.概念,/kˈɑnsɛpt/,The teacher explained the concept with a picture.,老师用一幅图解释了这个概念。,
entertainment,n.娱乐,/ˌɛntərtˈeɪnmənt/,Reading is my favorite form of entertainment.,阅读是我最喜欢的娱乐方式。,
awesome,a.令人敬畏的；很棒的,/ˈɑsəm/,The view from the mountain was awesome.,山上的景色棒极了。,
pan,n.平底锅,/pˈæn/,Heat some oil in the pan.,在平底锅里加热一些油。,
gender,n.性别,/dʒˈɛndər/,The team welcomes students of any gender.,这个团队欢迎任何性别的学生。,
reflect,v.反映，反射，思考,/rəflˈɛkt/,The calm lake can reflect the mountains.,平静的湖面能映出群山。,
tennis,n.网球,/tˈɛnəs/,We play tennis after school on Fridays.,我们每周五放学后打网球。,
accident,n.事故，意外的事,/ˈæksədənt/,No one was hurt in the accident.,没有人在这起事故中受伤。,
appreciation,n.欣赏，鉴定，评估,/əprˌiʃiˈeɪʃən/,She smiled in appreciation of my help.,她微笑着对我的帮助表示感谢。,
ashamed,a.惭愧；害臊,/əʃˈeɪmd/,He felt ashamed of telling a lie.,他为撒谎感到惭愧。,
gardening,n.园艺学,/ɡˈɑrdənɪŋ/,My grandfather enjoys gardening on weekends.,我爷爷周末喜欢做园艺。,
tour,n.参观，观光，旅行,/tˈʊr/,We took a tour of the old castle.,我们参观了那座古老的城堡。,
lightning,n.闪电,/lˈaɪtnɪŋ/,A flash of lightning lit up the sky.,一道闪电照亮了天空。,
anyway,ad.不管怎样，无论如何,/ˈɛniwˌeɪ/,"It was raining, but we went out anyway.",当时在下雨，但我们还是出去了。,
agricultural,a.农业的,/ˌæɡrəkˈʌltʃərəl/,This area is famous for its agricultural products.,这个地区以农产品闻名。,
adopt,v.收养，领养,/ədˈɑpt/,The family decided to adopt the homeless dog.,这家人决定收养那只流浪狗。,
dress,n.女服，连衣裙；(统指)服装；童装v.穿衣；穿着,/drˈɛs/,She wore a blue dress to the party.,她穿着一条蓝色连衣裙参加聚会。,
silly,a.傻的，愚蠢的,/sˈɪli/,I made a silly mistake in the test.,我在考试中犯了一个愚蠢的错误。,
potato,n.土豆，马铃薯,/pətˈeɪtˌoʊ/,He cut the potato into small pieces.,他把土豆切成了小块。,
awkward,a.令人尴尬，使人难堪的,/ˈɑkwərd/,There was an awkward silence after his question.,他提问后出现了一阵尴尬的沉默。,
package,n.（尤指包装好或密封的容器）一包，一袋，一盒,/pˈækədʒ/,A package arrived for you this morning.,今天早上有一个包裹寄给你。,
tip,n.&v.顶端，尖端；告诫；提示(给)小费,/tˈɪp/,Here is a useful tip for saving water.,这里有一个节约用水的实用建议。,
couple,n.夫妇，一对,/kˈʌpəl/,An elderly couple lives next door.,一对老夫妇住在隔壁。,
affordable,adj.买得起的,/əfˈɔrdəbəl/,The shop sells good clothes at affordable prices.,这家商店以实惠的价格出售优质服装。,
changeable,a.易变的，变化无常的,/tʃˈeɪndʒəbəl/,The weather here is changeable in spring.,这里春天的天气变化无常。,
operator,n.接线员,/ˈɑpərˌeɪtər/,The operator connected me to the hospital.,接线员帮我接通了医院。,
bill,n.账单；法案，议案；（美）钞票，纸币,/bˈɪl/,We paid the bill before leaving the restaurant.,离开餐馆前，我们付了账。,
flight,n.航班n.楼梯的一段,/flˈaɪt/,Our flight leaves at nine tomorrow morning.,我们的航班明天早上九点起飞。,
breathe,vi.呼吸,/brˈið/,Open the window so we can breathe fresh air.,打开窗户，让我们能呼吸新鲜空气。,
advance,v.推进，促进；前进,/ədvˈæns/,The soldiers began to advance across the field.,士兵们开始穿过田野前进。,
recognition,n.认出；认可,/rˌɛkəɡnˈɪʃən/,Her painting won recognition at school.,她的画在学校获得了认可。,
recover,vi.痊愈；恢复,/rɪkˈʌvər/,He needs a few days to recover from the fever.,他需要几天时间从发烧中恢复。,
context,n环境，上下文,/kˈɑntɛkst/,You can guess its meaning from the context.,你可以根据上下文猜出它的意思。,
chess,n.棋,/tʃˈɛs/,My brother taught me how to play chess.,我哥哥教我下国际象棋。,
random,a.随意，未经事先考虑的,/rˈændəm/,The teacher chose a student at random.,老师随机选了一名学生。,
range,n./v.变化，变动，排序,/rˈeɪndʒ/,The store sells a wide range of school bags.,这家商店出售各种各样的书包。,
rid,vt.使摆脱,/rˈɪd/,We must get rid of these broken chairs.,我们必须处理掉这些坏椅子。,
sort,n.种类v.分类,/sˈɔrt/,Please sort the books by size.,请按大小给这些书分类。,
fairly,ad.公正地，正当地；相当（程度）地,/fˈɛrli/,The teacher treated every student fairly.,老师公平地对待每一位学生。,
approach,n./v.靠近，接近，建议，要求,/əprˈoʊtʃ/,We watched the train approach the station.,我们看着火车驶近车站。,
plus,prep.加，加上,/plˈʌs/,Three plus five equals eight.,三加五等于八。,
assistant,n.助手，助理,/əsˈɪstənt/,The shop assistant helped me find my size.,店员帮我找到了合适的尺码。,
station,n.站，所，车站；电台,/stˈeɪʃən/,I will meet you outside the train station.,我会在火车站外面和你见面。,
facial,a.面部用的,/fˈeɪʃəl/,Her facial expression showed surprise.,她的面部表情显得很惊讶。,
kingdom,n.王国,/kˈɪŋdəm/,The wise king brought peace to the kingdom.,英明的国王给王国带来了和平。,
mix,v.混合，搅拌,/mˈɪks/,Mix the milk with the eggs.,把牛奶和鸡蛋混合起来。,
central,a.中心，中央；主要的,/sˈɛntrəl/,The library is in the central part of town.,图书馆位于城镇的中心区域。,
apologize,vi.道歉，谢罪,/əpˈɑlədʒˌaɪz/,You should apologize for being late.,你应该为迟到道歉。,
count,vt.数数；重要，有效,/kˈaʊnt/,Can you count from one to twenty?,你能从一数到二十吗？,
female,a.女的；女性的；雌性的,/fˈimˌeɪl/,The female bird is smaller than the male.,雌鸟比雄鸟小。,
informal,adj.不正式的,/ɪnfˈɔrməl/,Jeans are fine for this informal meeting.,穿牛仔裤参加这次非正式会议没问题。,
via,prep.经过（某地），通过,/vˈaɪə/,We sent the photo via email.,我们通过电子邮件发送了照片。,
request,n.请求，要求的事物,/rɪkwˈɛst/,The teacher accepted my request for more time.,老师接受了我延长时间的请求。,
interview,n.&vt.采访，会见，面试,/ˈɪntərvjˌu/,She has a job interview on Monday.,她星期一有一场求职面试。,
fan,n.（电影、运动等的）迷；热心的爱好者（支持者）n.风扇,/fˈæn/,My brother is a big basketball fan.,我哥哥是个狂热的篮球迷。,
aggression,n.侵略,/əɡrˈɛʃən/,The country defended itself against aggression.,这个国家奋起抵抗侵略。,
analysis,n.分析，分析结果,/ənˈæləsəs/,Our analysis showed that the water was clean.,我们的分析表明水是干净的。,
senior,a.年长的，资深的，高年级的n.上级，长辈，高年级生,/sˈinjər/,A senior student showed us around the school.,一名高年级学生带我们参观了学校。,
hall,n.大厅，会堂，礼堂;过道,/hˈɔl/,Parents waited in the school hall.,家长们在学校礼堂里等候。,
advertise,vt.为……做广告,/ˈædvərtˌaɪz/,The company will advertise its new product online.,这家公司将在网上为其新产品做广告。,
routine,n.常规，正常顺序，无聊,/rutˈin/,Brushing my teeth is part of my morning routine.,刷牙是我早晨日常活动的一部分。,
sight,n.情景，风景；视力,/sˈaɪt/,The snow-covered mountain was a beautiful sight.,白雪覆盖的山峰是一道美丽的风景。,
creature,n.生物，动物,/krˈitʃər/,We saw a strange sea creature near the rocks.,我们在岩石附近看到了一种奇怪的海洋生物。,
cartoon,n.动画片，卡通；漫画,/kɑrtˈun/,The children watched a funny cartoon after dinner.,孩子们晚饭后看了一部有趣的动画片。,
rapid,a.快的，迅速的,/rˈæpəd/,The town has seen rapid growth in recent years.,这座城镇近年来发展迅速。,
confuse,v.使迷惑，混淆,/kənfjˈuz/,Do not confuse salt with sugar.,不要把盐和糖弄混。,
commitment,n.承诺，允诺，承担,/kəmˈɪtmənt/,Joining the team requires time and commitment.,加入这支队伍需要投入时间并尽心尽力。,
cure,n.&vt.治疗；医好,/kjˈʊr/,Doctors hope to find a cure for the disease.,医生们希望找到治疗这种疾病的方法。,
compromise,v.妥协，折中，让步,/kˈɑmprəmˌaɪz/,We chose a movie together as a compromise.,作为折中，我们一起选了一部电影。,
debate,n.&v.讨论，辩论,/dəbˈeɪt/,Our class held a debate about school uniforms.,我们班就校服问题进行了一场辩论。,
upper,a.上层的，上部的,/ˈʌpər/,The books are on the upper shelf.,这些书在上层架子上。,
duration,n.持续时间,/dˈʊrˈeɪʃən/,The duration of the film is two hours.,这部电影的时长是两小时。,
attend,v.看护，照料，服侍；出席，参加,/ətˈɛnd/,All students must attend the school meeting.,所有学生都必须参加学校会议。,
fox,n.狐狸,/fˈɑks/,A red fox ran across the field.,一只红狐狸跑过田野。,
initial,a.开始的，最初的,/ɪnˈɪʃəl/,My initial plan was too difficult.,我最初的计划太难了。,
pattern,n.式样,/pˈætərn/,The carpet has a colorful flower pattern.,地毯上有一个彩色的花朵图案。,
grateful,a.感激的，感谢的,/ɡrˈeɪtfəl/,I am grateful for your kind help.,我很感激你的热心帮助。,
separately,ad.单独地，各自地,/sˈɛpərətli/,Please pack the glass cups separately.,请把玻璃杯分开包装。,
penny,(英复pence)n.（英）便士；美分,/pˈɛni/,The old toy cost only one penny.,这个旧玩具只花了一便士。,
director,n.所长，处长，主任；董事；导演,/dərˈɛktər/,The film director spoke to the young actors.,电影导演和年轻演员们交谈。,
sunlight,n.日光，阳光,/sˈʌnlˌaɪt/,Warm sunlight came through the window.,温暖的阳光透过窗户照进来。,
rubbish,n.垃圾；废物,/rˈʌbɪʃ/,Please put the rubbish in the bin.,请把垃圾放进垃圾桶。,
willingness,n.意愿；愿望,/wˈɪlɪŋnəs/,Her willingness to help impressed everyone.,她乐于助人的意愿给大家留下了深刻印象。,
architecture,n.建筑学，建筑设计，风格,/ˈɑrkətˌɛktʃər/,She hopes to study architecture at university.,她希望在大学学习建筑学。,
astronaut,n.宇航员,/ˈæstrənˌɑt/,The astronaut looked down at Earth from space.,宇航员从太空俯瞰地球。,
typical,a.典型的，有代表性的，特有的,/tˈɪpəkəl/,This is a typical winter day here.,这是这里典型的冬日。,
appropriate,a.合适的，恰当的,/əprˈoʊpriət/,Sports shoes are appropriate for the hike.,运动鞋适合这次徒步旅行。,
snack,n.小吃,/snˈæk/,I ate an apple as an afternoon snack.,我下午加餐吃了一个苹果。,
audience,n.观众，听众,/ˈɑdiəns/,The audience clapped at the end of the show.,演出结束时，观众鼓起了掌。,
tendency,n.倾向，偏好，性情,/tˈɛndənsi/,He has a tendency to speak too quickly.,他往往说话太快。,
wolf,n.狼,/wˈʊlf/,We heard a wolf howling in the distance.,我们听到远处有一只狼在嚎叫。,
guarantee,v.保证，担保,/ɡˌɛrəntˈi/,This ticket does not guarantee you a seat.,这张票不能保证你有座位。,
mail,n.邮政，邮递v.(美)邮寄,/mˈeɪl/,I will mail the card to my cousin tomorrow.,我明天会把卡片邮寄给表弟。,
switch,v./n.开关，转换，改变,/swˈɪtʃ/,Please switch off the light before you leave.,离开前请关灯。,
shortly,ad.不久,/ʃˈɔrtli/,The bus will arrive shortly.,公交车很快就会到。,
army,n.军队,/ˈɑrmi/,My uncle served in the army for ten years.,我叔叔在军队服役了十年。,
fly,n.飞行；苍蝇,/flˈaɪ/,I watched a fly land on the window.,我看见一只苍蝇落在窗户上。,
master,vt.精通，掌握,/mˈæstər/,You can master this skill with daily practice.,每天练习，你就能掌握这项技能。,
address,n.地址v.对...发表演讲；处理，探讨；称呼某人,/ˈædrˌɛs/,Please write your home address on the form.,请在表格上写下你的家庭住址。,
publicly,ad.当众；公开地,/pˈʌblɪkli/,The school publicly thanked the young volunteer.,学校公开感谢了那名年轻志愿者。,
ink,n.墨水，油墨,/ˈɪŋk/,The black ink has not dried yet.,黑色墨水还没有干。,
arithmetic,n.算术,/ˌɛrɪθmˈɛtɪk/,We practise arithmetic every morning.,我们每天早上练习算术。,
pile,n.堆,/pˈaɪl/,There is a pile of books on the desk.,桌上有一堆书。,
shower,n.阵雨；淋浴,/ʃˈaʊər/,I took a quick shower after basketball practice.,篮球训练后，我快速洗了个淋浴。,
cheese,n.奶酪,/tʃˈiz/,She put some cheese in her sandwich.,她在三明治里放了一些奶酪。,
conservation,n保存；（自然资源的）保护，管理,/kˌɑnsərvˈeɪʃən/,Water conservation is important in dry areas.,节约用水在干旱地区很重要。,
lay,vt.放，搁,/lˈeɪ/,Please lay the map on the table.,请把地图放在桌上。,
chain,n.链；链条,/tʃˈeɪn/,He locked his bike with a strong chain.,他用一条结实的链条锁住了自行车。,
description,n.描述，描写,/dɪskrˈɪpʃən/,Her description helped us find the lost dog.,她的描述帮助我们找到了走失的狗。,
firm,n.公司;企业a.坚固的，坚定的,/fˈɜrm/,My aunt works for a small travel firm.,我姑姑在一家小型旅游公司工作。,
goods,n.商品，货物（复数）,/ɡˈʊdz/,This train carries goods across the country.,这列火车把货物运往全国各地。,
activate,vt.激活,/ˈæktəvˌeɪt/,Press this button to activate the alarm.,按下这个按钮来激活警报器。,
assume,v.假定，假设,/əsˈum/,Do not assume that everyone agrees with you.,不要假定每个人都同意你。,
virtue,n.美德，正直的品行，德行,/vˈɜrtʃu/,Patience is an important virtue.,耐心是一种重要的美德。,
exchange,n.交换，掉换；交流,/ɪkstʃˈeɪndʒ/,Our school has an exchange with a school in Japan.,我们学校与日本的一所学校有交流活动。,
burden,n.（义务，责任的）重担，负担,/bˈɜrdən/,Sharing the work will reduce her burden.,分担工作会减轻她的负担。,
musician,n.音乐家，乐师,/mjuzˈɪʃən/,The young musician played the violin beautifully.,这位年轻的音乐家把小提琴拉得很动听。,
corner,n.角；角落；拐角,/kˈɔrnər/,The bakery is on the corner of this street.,面包店在这条街的拐角处。,
identical,a.完全同样的，相同的,/aɪdˈɛntɪkəl/,The two bags look identical.,这两个包看起来完全相同。,
stranger,n.陌生人，外人,/strˈeɪndʒər/,Never get into a car with a stranger.,千万不要上陌生人的车。,
sample,n.样品,/sˈæmpəl/,The nurse took a blood sample.,护士采集了一份血液样本。,
consistent,a.一致的，始终如一的，连续的,/kənsˈɪstənt/,Her results are consistent because she practises daily.,她的成绩一直很稳定，因为她每天都练习。,
root,n.根，根源，起源,/rˈut/,The tree has a deep root.,这棵树有一条很深的根。,
decade,n.十年期,/dɛkˈeɪd/,The town has changed greatly in the past decade.,这座小镇在过去十年里变化很大。,
untrue,a.不真实的，假的,/əntrˈu/,The story about him is completely untrue.,关于他的传闻完全不真实。,
soap,n.肥皂,/sˈoʊp/,Wash your hands with soap before eating.,吃饭前要用肥皂洗手。,
internal,a.内在的，内部的,/ɪntˈɜrnəl/,The doctor checked him for internal injuries.,医生检查他是否有内伤。,
satellite,n.卫星,/sˈætəlˌaɪt/,The satellite sends weather pictures to Earth.,这颗卫星向地球传送天气图片。,
aid,n.援助；救护；辅助器具,/ˈeɪd/,Food and medical aid reached the village yesterday.,食品和医疗援助昨天送到了村庄。,
camera,n.照相机；摄像机,/kˈæmərə/,I used my camera to photograph the sunset.,我用相机拍下了日落。,
addictive,adj.使人上瘾的,/ədˈɪktɪv/,Some phone games can be addictive.,有些手机游戏会让人上瘾。,
delay,v.&n.拖延，延误，延迟，延期；耽搁,/dɪlˈeɪ/,Heavy snow caused a two-hour delay.,大雪造成了两小时的延误。,
lawyer,n.律师,/lˈɔjər/,The lawyer listened carefully to her story.,律师认真听了她的讲述。,
enthusiastic,a.热情的，热心的,/ɪnθˌuziˈæstɪk/,Our teacher is enthusiastic about science.,我们的老师对科学很有热情。,
teamwork,n.合作，协同工作,/tˈimwˌɜrk/,Good teamwork helped us win the match.,良好的团队合作帮助我们赢得了比赛。,
bridge,n.桥,/brˈɪdʒ/,We walked across the old stone bridge.,我们走过了那座古老的石桥。,
unavoidable,adj.无法避免的,/ˌʌnəvˈɔɪdəbəl/,Some mistakes are unavoidable when you begin.,刚开始时，有些错误是无法避免的。,
ending,n.结局；结尾，最后,/ˈɛndɪŋ/,The movie has a surprising ending.,这部电影有一个出人意料的结局。,
frame,n.框架,/frˈeɪm/,She put the family photo in a wooden frame.,她把全家福放进了木相框。,
metal,n.金属a.金属制成的,/mˈɛtəl/,This box is made of metal.,这个盒子是金属制成的。,
drum,n.鼓,/drˈʌm/,Tom plays the drum in the school band.,汤姆在学校乐队里打鼓。,
spirit,n.精神,/spˈɪrət/,The players showed great team spirit.,队员们展现了很强的团队精神。,
fridge,n.冰箱,/frˈɪdʒ/,There is some milk in the fridge.,冰箱里有一些牛奶。,
warmth,n.暖和，温暖,/wˈɔrmθ/,We enjoyed the warmth of the fire.,我们享受着炉火的温暖。,
mistaken,a.错误的,/mɪstˈeɪkən/,I was mistaken about the meeting time.,我弄错了开会时间。,
manner,n.方式，态度，举止,/mˈænər/,She spoke in a calm and polite manner.,她以冷静而礼貌的方式说话。,
regret,n./vt.可惜，遗憾;痛惜;哀悼,/rəɡrˈɛt/,I regret not listening to your advice.,我后悔没有听你的建议。,
primary,a.初等的；初级的,/prˈaɪmˌɛri/,Reading is a primary skill for every student.,阅读是每个学生的一项基本技能。,
comedy,n.喜剧,/kˈɑmədi/,We watched a funny comedy last night.,我们昨晚看了一部有趣的喜剧。,
punishment,n.惩罚,/pˈʌnɪʃmənt/,His punishment was to clean the classroom.,对他的惩罚是打扫教室。,
stare,vi.盯，凝视,/stˈɛr/,It is rude to stare at other people.,盯着别人看是不礼貌的。,
textbook,n.课本，教科书,/tˈɛkstbˌʊk/,Please open your English textbook to page twenty.,请把英语课本翻到第二十页。,
cheat,n.&v.骗取，哄骗；作弊,/tʃˈit/,You should never cheat in an exam.,你绝不应该在考试中作弊。,
timetable,n.（火车、公共汽车等）时间表；（学校）课表,/tˈaɪmtˌeɪbəl/,I checked the timetable for the next bus.,我查看了下一班公交车的时刻表。,
neighbour,n.邻居，邻人,/ˈneɪbər/,Our neighbour gave us some fresh tomatoes.,我们的邻居送给我们一些新鲜番茄。,
exhibit,vt展示，展览；显示,/ɪɡzˈɪbɪt/,The museum will exhibit these ancient coins.,博物馆将展出这些古币。,
toll,n.死亡人数,/tˈoʊl/,The storm raised the death toll to ten.,这场暴风雨使死亡人数上升到十人。,
counter,n.柜台，结账处,/kˈaʊntər/,Please pay for the bread at the counter.,请在柜台为面包付款。,
log,n.原木，木材；(某时期事件的)正式记录，日志，(尤指)航海日志，飞行日志,/lˈɔɡ/,The captain wrote the event in his log.,船长把这件事写进了航海日志。,
wheel,n.轮，机轮,/wˈil/,One wheel of my bike is broken.,我自行车的一个轮子坏了。,
engine,n.发动机，引擎,/ˈɛndʒən/,The car engine suddenly stopped.,汽车发动机突然停止了运转。,
preparation,n.准备,/prˌɛpərˈeɪʃən/,Good preparation made the test less stressful.,充分的准备让考试没那么令人紧张。,
ease,v.减轻；缓解（难度或严重程度）,/ˈiz/,A warm drink may ease your sore throat.,热饮或许能缓解你的喉咙痛。,
participate,v.参加，参与,/pɑrtˈɪsəpˌeɪt/,Everyone can participate in the school sports day.,每个人都可以参加学校运动会。,
award,n.奖品，奖励,/əwˈɔrd/,She received an award for her painting.,她凭借自己的画作获得了一个奖项。,
pessimist,n.悲观主义者,/pˈɛsəməst/,A pessimist often expects the worst.,悲观主义者常常做最坏的预想。,
pessimistic,a.悲观主义的,/pˌɛsəmˈɪstɪk/,Do not be pessimistic about the future.,不要对未来感到悲观。,
partly,ad.部分地，在一定程度上,/pˈɑrtli/,The road was partly covered with snow.,道路有一部分被雪覆盖了。,
publish,t.出版，发行,/pˈʌblɪʃ/,The school will publish our stories next month.,学校下个月将出版我们的故事。,
relate,vi.有关；涉及,/rɪlˈeɪt/,These questions relate to the story we just read.,这些问题与我们刚读的故事有关。,
unique,a.惟一的，独一无二的,/junˈik/,Each snowflake has a unique shape.,每片雪花都有独一无二的形状。,
stuff,n.东西,/stˈʌf/,Put your stuff in the cupboard.,把你的东西放进柜子里。,
contrary,n./a.相反，相反的,/kˈɑntrɛri/,His actions were contrary to his promise.,他的行为与他的承诺相反。,
thorough,a.彻底的,/θˈɜroʊ/,The police carried out a thorough search.,警方进行了彻底的搜查。,
pause,n.&vi.中止，暂停；停止,/pˈɔz/,She took a short pause before answering.,她在回答前短暂停顿了一下。,
guard,n.防护装置，警戒,/ɡˈɑrd/,A guard stood outside the gate all night.,一名警卫整夜站在大门外。,
endless,a.无止境的；没完的,/ˈɛndləs/,The desert seemed endless to the tired travellers.,对疲惫的旅行者来说，这片沙漠似乎无边无际。,
companion,n.同伴；同事,/kəmpˈænjən/,My dog was my only companion on the trip.,我的狗是我旅途中唯一的伙伴。,
truck,n.卡车，运货车；车皮v.装车；用货车运,/trˈʌk/,A large truck delivered food to the store.,一辆大卡车把食品送到了商店。,
manager,n.经理,/mˈænədʒər/,The hotel manager solved our problem quickly.,酒店经理很快解决了我们的问题。,
teapot,n.茶壶,/tˈipˌɑt/,Grandma poured tea from a blue teapot.,奶奶从一个蓝色茶壶里倒出茶来。,
jam,n.果酱；阻塞,/dʒˈæm/,I spread strawberry jam on my toast.,我在烤面包上涂了草莓酱。,
relevant,a.紧密相关的,/rˈɛləvənt/,Please include only relevant information in your report.,请在报告中只包含相关信息。,
gather,v.聚集；采集,/ɡˈæðər/,We gather in the playground every Monday morning.,我们每周一早晨在操场集合。,
principle,n.道德原则，法则,/prˈɪnsəpəl/,Honesty is a principle I always follow.,诚实是我一直遵守的原则。,
depth,n.深，深度,/dˈɛpθ/,We measured the depth of the river.,我们测量了河水的深度。,
athletic,a.健壮的，体育运动的,/æθlˈɛtɪk/,The athletic boy can run very fast.,那个健壮的男孩跑得很快。,
quiz,n.测验，小型考试,/kwˈɪz/,We have a short maths quiz today.,我们今天有一个简短的数学测验。,
supervise,v.监督，管理,/sˈupərvˌaɪz/,An adult must supervise the children by the pool.,必须有一名成年人看管泳池边的孩子们。,
voyage,n.航行，旅行,/vˈɔɪədʒ/,The sailors began their long voyage across the sea.,水手们开始了漫长的跨海航行。,
graduate,v.毕业,/ɡrˈædʒəwət/,My sister will graduate from high school this summer.,我姐姐今年夏天将高中毕业。,
parrot,n.鹦鹉,/pˈɛrət/,The green parrot can copy my voice.,那只绿色的鹦鹉会模仿我的声音。,
bottom,n.底部；底,/bˈɑtəm/,Your keys are at the bottom of the bag.,你的钥匙在包的底部。,
roof,n.屋顶，顶部,/rˈuf/,Rain fell loudly on the metal roof.,雨点响亮地落在金属屋顶上。,
foreign,a.外国的,/fˈɔrən/,She enjoys learning about foreign cultures.,她喜欢了解外国文化。,
nevertheless,a.尽管如此，不过，然而,/nˌɛvərðəlˈɛs/,"The task was difficult; nevertheless, we finished it.",任务很难，然而我们完成了。,
maintain,v.维护，保养,/meɪntˈeɪn/,Regular exercise helps maintain good health.,经常锻炼有助于保持健康。,
former,a.以前的，从前的；（两者之中的）前者,/fˈɔrmər/,The former teacher visited our school yesterday.,那位以前的老师昨天参观了我们学校。,
unit,n.单元，单位,/jˈunət/,Our class is starting a new unit on space.,我们班正在学习一个关于太空的新单元。,
tear,n.眼泪v.扯破，撕开,/tˈɛr/,A tear rolled down her cheek.,一滴眼泪顺着她的脸颊流下。,
suppose,vt.猜想，假定，料想,/səpˈoʊz/,I suppose the bus will arrive soon.,我猜公交车很快就会到。,
strict,a.严格的，严密的,/strˈɪkt/,Our coach is strict but fair.,我们的教练很严格，但很公正。,
crime,n.（法律上的）罪，犯罪,/krˈaɪm/,Stealing from a shop is a crime.,从商店偷东西是一种犯罪行为。,
editor,n.编辑,/ˈɛdətər/,The editor checked the article for mistakes.,编辑检查了文章中的错误。,
department,n.部门；（机关的）司，处；（大学的）系,/dɪpˈɑrtmənt/,My mother works in the sales department.,我妈妈在销售部门工作。,
crowded,a.拥挤的,/krˈaʊdəd/,The bus was crowded during the morning rush.,早高峰时公交车很拥挤。,
household,n.一家人，家庭,/hˈaʊshˌoʊld/,Every household in the village has clean water.,村里的每户人家都有干净的水。,
ministry,n.（政府的）部,/mˈɪnəstri/,The education ministry announced a new plan.,教育部公布了一项新计划。,
uncertainty,n.不确定,/ənsˈɜrtənti/,The bad weather caused uncertainty about our trip.,恶劣天气使我们的旅行能否成行变得不确定。,
mountain,n.山，山脉,/mˈaʊntən/,They climbed the mountain before sunrise.,他们在日出前登上了那座山。,
pot,n.锅，壶，瓶，罐,/pˈɑt/,Mum cooked soup in a large pot.,妈妈用一口大锅煮汤。,
spiritual,a.精神的；心灵的,/spˈɪrɪtʃəwəl/,Music can bring spiritual comfort.,音乐能带来心灵上的慰藉。,
regardless,a.不顾，不加理会,/rəɡˈɑrdləs/,He goes running every morning regardless of the weather.,不管天气如何，他每天早晨都去跑步。,
disadvantage,n.不利条件；弱点,/dˌɪsədvˈæntɪdʒ/,One disadvantage of this house is its small kitchen.,这所房子的一个缺点是厨房很小。,
judgement,n.裁判,/dʒˈʌdʒmənt/,The referee made a fair judgement.,裁判作出了公正的判决。,
regulate,vt管理,/rˈɛɡjəlˌeɪt/,These rules regulate traffic near the school.,这些规则用于管理学校附近的交通。,
upward,ad.向上；往上,/ˈʌpwərd/,The balloon moved upward into the sky.,气球向上飘入天空。,
colleague,n.同事,/kˈɑliɡ/,My father's colleague gave him a ride home.,我爸爸的同事开车送他回家。,
radiation,n.辐射,/rˌeɪdiˈeɪʃən/,Too much radiation can harm our health.,过量辐射会损害我们的健康。,
restore,v.恢复，使复原,/rɪstˈɔr/,Workers hope to restore the old bridge.,工人们希望修复这座古桥。,
trial,n.审判；试验；试用,/trˈaɪəl/,The new medicine is still under trial.,这种新药仍在试验中。,
redirect,vt.使改变，使转移,/rˌidərˈɛkt/,The police will redirect traffic around the accident.,警方将使车辆绕开事故现场。,
grape,n.葡萄,/ɡrˈeɪp/,She picked a grape from the bunch.,她从那串葡萄上摘下一颗葡萄。,
marathon,n.马拉松,/mˈɛrəθˌɑn/,My uncle trained for months before the marathon.,我叔叔为这场马拉松训练了好几个月。,
attain,v.（经过努力）获得，得到,/ətˈeɪn/,You must work hard to attain your goals.,你必须努力才能实现目标。,
relief,n.轻松，解脱，缓和，救济,/rɪlˈif/,"To my relief, the missing cat came home.",令我松了一口气的是，走失的猫回家了。,
cheer,n.&vi.欢呼；喝彩,/tʃˈɪr/,The crowd began to cheer for our team.,人群开始为我们的队伍欢呼。,
systematic,a.系统的，有条理的,/sˌɪstəmˈætɪk/,We need a systematic plan for the project.,我们需要一份有条理的项目计划。,
compensate,v.补偿，弥补,/kˈɑmpənsˌeɪt/,The company offered to compensate us for the damage.,公司提出赔偿我们的损失。,
wheat,n.小麦,/wˈit/,The farmer grows wheat in this field.,农民在这块田里种小麦。,
crop,n.庄稼；收成,/krˈɑp/,Heavy rain damaged the rice crop.,大雨损坏了水稻作物。,
specialist,n.（医学）专家，专科医生；专家；专业人员,/spˈɛʃələst/,The doctor sent me to a heart specialist.,医生让我去看心脏专科医生。,
sink,n.洗涤槽；污水槽vi.下沉；消沉,/sˈɪŋk/,Please put the dirty cups in the sink.,请把脏杯子放进洗涤槽。,
fork,n.叉，餐叉,/fˈɔrk/,I used a fork to eat the noodles.,我用叉子吃面条。,
bitter,a.有苦味的；痛苦的，难过的；严酷的,/bˈɪtər/,The medicine has a bitter taste.,这种药味道很苦。,
honey,n.蜂蜜,/hˈʌni/,I added a spoonful of honey to my tea.,我在茶里加了一勺蜂蜜。,
powder,n.粉，粉末,/pˈaʊdər/,Mix the powder with warm water.,把粉末和温水混合。,
butter,n.黄油，奶油,/bˈʌtər/,She spread butter on the warm bread.,她在热面包上涂了黄油。,
regard,v.把……看作,/rəɡˈɑrd/,Many people regard him as a hero.,许多人把他看作英雄。,
justice,n.正义；公正；司法,/dʒˈʌstəs/,Everyone should be treated with justice.,每个人都应该受到公正对待。,
instant,a.瞬间；刹那,/ˈɪnstənt/,Her face changed in an instant.,她的脸色瞬间变了。,
rely,v.依赖，依靠,/rɪlˈaɪ/,You can rely on me when you need help.,你需要帮助时可以依靠我。,
thoroughly,adj.彻底地，仔细地,/θˈɜroʊli/,Please wash the fruit thoroughly before eating it.,吃水果前请把它彻底洗干净。,
dig,v.挖（洞沟），掘,/dˈɪɡ/,The children used small shovels to dig a hole.,孩子们用小铲子挖了一个洞。,
flexible,a.灵活的，可变动的,/flˈɛksəbəl/,Our schedule is flexible this week.,我们这周的日程安排很灵活。,
leftover,a.剩余，剩下的n.剩饭菜,/lˈɛftˌoʊvər/,I heated the leftover rice for lunch.,我把剩下的米饭热了当午餐。,
ship,n.船，轮船vi.用船装运,/ʃˈɪp/,The ship crossed the sea safely.,那艘船安全地驶过了大海。,
fry,vt.用油煎；用油炸,/frˈaɪ/,Please fry the eggs for breakfast.,早餐请煎几个鸡蛋。,
bakery,n.面包店,/bˈeɪkəri/,This bakery sells fresh bread every morning.,这家面包店每天早晨出售新鲜面包。,
studio,n.工作室，演播室,/stˈudiˌoʊ/,The artist works in a small studio.,这位艺术家在一间小工作室里工作。,
fog,n.雾,/fˈɑɡ/,Heavy fog covered the road this morning.,今天早晨浓雾笼罩着道路。,
representative,n.代表，典型人物,/rˌɛprəzˈɛntətɪv/,Our class representative spoke at the meeting.,我们的班级代表在会上发了言。,
virus,n.病毒,/vˈaɪrəs/,The virus can spread through the air.,这种病毒可以通过空气传播。,
driver,n.司机，驾驶员,/drˈaɪvər/,The bus driver waited for us.,公交车司机等了我们。,
educator,n.教育家,/ˈɛdʒəkˌeɪtər/,The famous educator opened a school for poor children.,这位著名教育家为贫困儿童创办了一所学校。,
content,a.甘愿的，满意的n.内容,/kˈɑntɛnt/,The book has useful content for young readers.,这本书有对年轻读者有用的内容。,
acquisition,n.获得，得到,/ˌækwəzˈɪʃən/,Language acquisition takes time and practice.,语言习得需要时间和练习。,
temporary,a.短暂的，暂时的,/tˈɛmpərˌɛri/,We built a temporary bridge over the river.,我们在河上搭了一座临时桥。,
quarter,n.四分之一，一刻钟,/kwˈɔrtər/,A quarter of the cake is left.,蛋糕还剩四分之一。,
otherwise,ad.要不然，否则，另样,/ˈʌðərwˌaɪz/,Put on your coat; otherwise you may get cold.,穿上外套，否则你可能会着凉。,
globe,n.地球仪，地球,/ɡlˈoʊb/,She found China on the globe.,她在地球仪上找到了中国。,
pest,n.害虫,/pˈɛst/,This small insect is a common garden pest.,这种小昆虫是花园里常见的害虫。,
demonstrate,v.证明，证实；表露，表现；示范，演示,/dˈɛmənstrˌeɪt/,The teacher will demonstrate the experiment first.,老师会先演示这个实验。,
membership,n.会员资格,/mˈɛmbərʃˌɪp/,My library membership ends next month.,我的图书馆会员资格下个月到期。,
fee,n.费，费用,/fˈi/,There is no fee for entering the museum.,进入这家博物馆不收费用。,
trainer,n.训练人；教练,/trˈeɪnər/,The trainer showed us how to exercise safely.,教练向我们展示了如何安全锻炼。,
tease,v.嘲笑，取笑,/tˈiz/,Do not tease your brother about his glasses.,不要拿你弟弟的眼镜取笑他。,
brilliant,a.巧妙的，使人印象深刻的，技艺高的,/brˈɪljənt/,Mia had a brilliant idea for the science project.,米娅为科学项目想出了一个绝妙的主意。,
tourist,vn.旅行者，观光者,/tˈʊrəst/,A tourist asked me the way to the museum.,一名游客向我询问去博物馆的路。,
initiative,n.主动性，积极性；倡议，新方案,/ɪnˈɪʃətɪv/,Lily showed initiative by cleaning the classroom first.,莉莉主动先打扫了教室。,
status,n.法律地位（身份）,/stˈætəs/,You can check the status of your order online.,你可以在网上查看订单状态。,
instruction,n.说明，须知;教导,/ɪnstrˈʌkʃən/,Read each instruction before answering the questions.,答题前请阅读每条说明。,
habitat,n.栖息地,/hˈæbətˌæt/,The forest is the natural habitat of many birds.,森林是许多鸟类的自然栖息地。,
illegal,a.非法的,/ɪlˈiɡəl/,It is illegal to hunt these animals.,捕猎这些动物是违法的。,
operation,n.手术，操作,/ˌɑpərˈeɪʃən/,The doctor said the operation went well.,医生说手术进行得很顺利。,
discourage,vt.（使）气馁；打消（做…的念头）,/dɪskˈɜrɪdʒ/,One bad result should not discourage you.,一次不好的结果不该使你气馁。,
voluntary,a.自愿的，主动的,/vˈɑləntɛri/,She does voluntary work at the library.,她在图书馆做志愿工作。,
graduation,n.毕业，毕业典礼,/ɡrˌædʒuˈeɪʃən/,My family came to my graduation.,我的家人来参加了我的毕业典礼。,
requirement,n.需要；要求；必要的条件,/rɪkwˈaɪrmənt/,A school uniform is a basic requirement here.,穿校服是这里的一项基本要求。,
advertisement,n.广告,/ədvˈɜrtəzmənt/,I saw an advertisement for a new bicycle.,我看到了一则新自行车的广告。,
undo,v.解开，松开,/əndˈu/,Can you help me undo this knot?,你能帮我解开这个结吗？,
competence,n.能力，胜任，管辖权,/kˈɑmpətɪns/,She showed her competence by solving the problem quickly.,她迅速解决问题，展现了自己的能力。,
press,vt.压，按n.新闻界，出版社,/prˈɛs/,Please press this button to open the door.,请按这个按钮开门。,
consumption,n.消费，消耗,/kənsˈʌmpʃən/,Turning off lights can reduce energy consumption.,关灯可以减少能源消耗。,
landscape,n.风景，景色；地形，地貌,/lˈændskˌeɪp/,The mountain landscape looked beautiful at sunset.,日落时的山间景色很美。,
furniture,n.（总称）家具,/fˈɜrnɪtʃər/,We bought some new furniture for the bedroom.,我们为卧室买了一些新家具。,
disability,n..残疾；无能,/dˌɪsəbˈɪlɪti/,His disability does not stop him from playing sports.,他的残疾并没有阻止他参加体育运动。,
menu,n.菜单,/mˈɛnju/,The waiter gave us the menu.,服务员把菜单递给了我们。,
flag,n.旗；标志；旗舰,/flˈæɡ/,The red flag flew above the school.,红旗在学校上空飘扬。,
discount,n.折扣,/dɪskˈaʊnt/,Students can get a ten percent discount.,学生可以享受九折优惠。,
finger,n.手指,/fˈɪŋɡər/,I cut my finger while cooking.,我做饭时割伤了手指。,
cruel,a.残忍的，残酷的；无情的,/krˈuəl/,It is cruel to leave a pet without food.,不给宠物食物是很残忍的。,
guilty,a.有罪，犯法的，做错事的,/ɡˈɪlti/,Tom felt guilty after breaking the window.,汤姆打破窗户后感到很内疚。,
angle,n.角度,/ˈæŋɡəl/,Try taking the photo from a different angle.,试着从不同的角度拍这张照片。,
cleaner,n.清洁工.，清洁器.，清洁剂,/klˈinər/,The cleaner washed the classroom floor.,清洁工清洗了教室地板。,
broom,n.扫帚,/brˈum/,She used a broom to clean the floor.,她用扫帚清扫地板。,
sweep,v.扫除，扫,/swˈip/,Please sweep the leaves off the path.,请把小路上的落叶扫掉。,
vast,a.巨大的，广阔的,/vˈæst/,A vast desert lay before us.,一片广阔的沙漠展现在我们面前。,
sunrise,n.黎明，拂晓,/sˈʌnrˌaɪz/,We got up early to watch the sunrise.,我们早起去看日出。,
outstanding,a.优秀的，杰出的,/ˌaʊtstˈændɪŋ/,Anna did an outstanding job on the project.,安娜在这个项目中表现得非常出色。,
suit,vt.适合n.一套（衣服）,/sˈut/,This blue shirt will suit you well.,这件蓝色衬衫会很适合你。,
chew,vt.咀嚼,/tʃˈu/,Chew your food slowly before you swallow it.,食物要慢慢咀嚼后再咽下。,
surrounding,a.周围的,/sərˈaʊndɪŋ/,We walked through the surrounding countryside.,我们步行穿过了周围的乡村。,
fantasy,n幻想，梦想,/fˈæntəsi/,The story is a fantasy about a flying horse.,这个故事是关于一匹飞马的幻想故事。,
steel,n.钢，钢铁,/stˈil/,The bridge is made of steel.,这座桥是用钢铁建成的。,
exact,a.精确的；确切的,/ɪɡzˈækt/,Tell me the exact time of the meeting.,告诉我会议的确切时间。,
dish,n.盘，碟；盘装菜；盘形物,/dˈɪʃ/,This chicken dish is easy to make.,这道鸡肉菜很容易做。,
infectious,adj.有传染力的,/ɪnfˈɛkʃəs/,The patient has an infectious disease.,这名病人患有传染病。,
database,n.资料库，数据库,/dˈeɪtəbˌeɪs/,The school keeps student records in a database.,学校把学生档案保存在数据库中。,
flow,vi.流动,/flˈoʊ/,Water will flow down the hill.,水会顺着山坡流下。,
percentage,n.百分率,/pərsˈɛntədʒ/,A high percentage of students passed the test.,很大比例的学生通过了考试。,
unconscious,a.昏迷，不省人事的,/ˌʌnkˈɑnʃəs/,The injured man was unconscious for several minutes.,这名伤者昏迷了几分钟。,
precious,a.宝贵的，珍贵的,/prˈɛʃəs/,Clean water is a precious resource.,清洁的水是一种宝贵的资源。,
palace,n.宫，宫殿,/pˈæləs/,The king lived in a grand palace.,国王住在一座宏伟的宫殿里。,
property,n.所有物，财产，财物;不动产，房地产,/prˈɑpərti/,Please keep your personal property safe.,请保管好你的个人财物。,
dot,n.点，小点，圆点,/dˈɑt/,Put a red dot beside the correct answer.,在正确答案旁边画一个红点。,
stable,a.稳固的，牢固的,/stˈeɪbəl/,Make sure the ladder is stable before climbing.,爬梯子前要确保它稳固。,
extinction,n.灭绝,/ɪkstˈɪŋkʃən/,This rare animal is in danger of extinction.,这种珍稀动物面临灭绝的危险。,
dinosaur,n.恐龙,/dˈaɪnəsˌɔr/,The museum has a huge dinosaur model.,博物馆里有一个巨大的恐龙模型。,
balcony,n.阳台；楼座,/bˈælkəni/,She grows flowers on the balcony.,她在阳台上种花。,
poet,n.诗人,/pˈoʊət/,The poet wrote about his hometown.,这位诗人写了自己的家乡。,
lively,a.活泼的;充满生气的,/lˈaɪvli/,The children had a lively discussion.,孩子们进行了一场热烈的讨论。,
purple,n./a.紫色,/pˈɜrpəl/,She wore a purple dress to the party.,她穿着一条紫色连衣裙参加聚会。,
version,n.变体，变种，改写本,/vˈɜrʒən/,I prefer the shorter version of the story.,我更喜欢这个故事的较短版本。,
diverse,v.不同的，多种多样，形形色色的,/daɪvˈɜrs/,The city is home to diverse cultures.,这座城市拥有多种多样的文化。,
skilled,a.熟练的；有技能的,/skˈɪld/,A skilled worker repaired the old clock.,一位熟练的工人修好了这只旧钟。,
elder,n.长者；前辈,/ˈɛldər/,We should listen to the advice of an elder.,我们应该听取长者的建议。,
shift,v.改变，转移,/ʃˈɪft/,The wind may shift to the east tonight.,今晚风向可能转到东边。,
ultimately,ad.最终，最后,/ˈʌltəmətli/,Hard work will ultimately bring success.,努力最终会带来成功。,
substitute,v.代替，取代n.替代品,/sˈʌbstətˌut/,We used honey as a substitute for sugar.,我们用蜂蜜代替糖。,
abundant,a.大量，丰盛的，充裕的,/əbˈʌndənt/,Fresh fruit is abundant here in summer.,这里夏天有大量的新鲜水果。,
guitar,n.吉他，六弦琴,/ɡɪtˈɑr/,My sister plays the guitar after school.,我姐姐放学后弹吉他。,
detect,v.探测,/dɪtˈɛkt/,This machine can detect smoke quickly.,这台机器能迅速探测到烟雾。,
porridge,n.稀饭，粥,/pˈɔrədʒ/,I had a bowl of porridge for breakfast.,我早餐喝了一碗粥。,
appeal,v.上诉，申诉，吸引力,/əpˈil/,This colorful game may appeal to young children.,这款色彩鲜艳的游戏可能会吸引小孩子。,
storm,n.风暴，暴（风）雨,/stˈɔrm/,The storm knocked down several trees.,暴风雨刮倒了好几棵树。,
parking,n.停车,/pˈɑrkɪŋ/,Parking is not allowed in front of the school.,学校门前不允许停车。,
ward,n.保卫，看护，病房，收容所,/wˈɔrd/,The nurse took me to the hospital ward.,护士带我去了医院病房。,
glue,n.胶水,/ɡlˈu/,Use glue to stick the paper together.,用胶水把这些纸粘在一起。,
output,n.产量，输出量,/ˈaʊtpˌʊt/,The factory increased its output this year.,这家工厂今年提高了产量。,
admire,v.钦佩；羡慕,/ædmˈaɪr/,I admire my mother for her courage.,我钦佩母亲的勇气。,
battle,n.战斗；战役,/bˈætəl/,Many soldiers died in the battle.,许多士兵在这场战斗中牺牲了。,
flood,n.洪水vt.淹没，使泛滥,/flˈʌd/,The flood damaged many houses near the river.,洪水损坏了河边的许多房屋。,
receptionist,n.接待员,/rɪsˈɛpʃənɪst/,The receptionist greeted us with a smile.,接待员微笑着迎接我们。,
sigh,vi.叹息；叹气,/sˈaɪ/,Dad gave a tired sigh and sat down.,爸爸疲惫地叹了口气，然后坐下了。,
cage,n笼；鸟笼,/kˈeɪdʒ/,The bird escaped from its cage.,那只鸟从笼子里逃了出来。,
squirrel,n.松鼠,/skwˈɜrəl/,A squirrel was hiding nuts under the tree.,一只松鼠正在树下藏坚果。,
herb,n.草本，草药,/ˈɜrb/,This herb is often used in medicine.,这种草药常被用于制药。,
objective,n.目标a.客观的,/əbdʒˈɛktɪv/,Our main objective is to keep everyone safe.,我们的主要目标是保障每个人的安全。,
civilization,n.文明,/sˌɪvəlɪzˈeɪʃən/,The river supported an ancient civilization.,这条河孕育了一个古老文明。,
willingly,ad.乐意地,/wˈɪlɪŋli/,He willingly shared his lunch with me.,他很乐意地和我分享了午餐。,
witness,v./n.目击者，见证人,/wˈɪtnəs/,A witness saw the car accident.,一名目击者看到了这起车祸。,
jeans,n.牛仔裤（复数）,/dʒˈinz/,These jeans are too long for me.,这条牛仔裤对我来说太长了。,
rough,a.粗糙的，粗略的,/rˈʌf/,The rough road made our journey slow.,崎岖的道路让我们的行程变慢了。,
lately,ad.最近，不久前,/lˈeɪtli/,I have been very busy lately.,我最近一直很忙。,
supermarket,n.超级市场,/sˈupərmˌɑrkɪt/,We bought milk at the supermarket.,我们在超市买了牛奶。,
bake,v.烤；烘（面包）,/bˈeɪk/,We plan to bake a cake this afternoon.,我们打算今天下午烤一个蛋糕。,
amusement,n.娱乐,/əmjˈuzmənt/,The funny show gave us great amusement.,这场有趣的表演给我们带来了很多欢乐。,
housework,n.家务劳动,/hˈaʊswˌɜrk/,Everyone in our family shares the housework.,我们家每个人都分担家务。,
freedom,n.自由,/frˈidəm/,The bird flew away to freedom.,那只鸟飞走，获得了自由。,
underline,v.在…下划线,/ˈʌndərlˌaɪn/,Please underline the key sentence in the passage.,请在文章的关键句下面画线。,
dial,vt.拨（电话号码）,/dˈaɪəl/,Dial this number if you need help.,如果你需要帮助，就拨这个号码。,
prejudice,n.偏见，成见,/prˈɛdʒədɪs/,We should not judge people with prejudice.,我们不应该带着偏见评价他人。,
label,n./v.标签/给...贴标签,/lˈeɪbəl/,Read the label before washing the shirt.,洗这件衬衫前先看标签。,
midnight,n.午夜,/mˈɪdnˌaɪt/,The train arrived just before midnight.,火车在午夜前刚刚到达。,
superior,a.更胜一筹的n.上级，上司,/supˈɪriər/,This camera is superior to my old one.,这台相机比我的旧相机更好。,
visible,a.可见的，明显的,/vˈɪzəbəl/,The moon was clearly visible tonight.,今晚月亮清晰可见。,
continent,n.大陆，大洲；陆地,/kˈɑntənənt/,Africa is the second-largest continent.,非洲是第二大洲。,
nutritious,adj.有营养的,/nutrˈɪʃəs/,Eggs are a simple and nutritious food.,鸡蛋是一种简单又有营养的食物。,
pale,a.苍白的，灰白的,/pˈeɪl/,She looked pale after being ill.,她生病后脸色显得苍白。,
insist,vi.坚持；坚决认为,/ɪnsˈɪst/,I insist that you wear a helmet.,我坚持要你戴头盔。,
mouse,n.鼠，耗子；（计算机）鼠标,/mˈaʊs/,I saw a mouse run under the table.,我看见一只老鼠跑到了桌子下面。,
prison,n.监狱,/prˈɪzən/,The thief was sent to prison.,那个小偷被送进了监狱。,
trade,n.贸易vt.用…进行交换,/trˈeɪd/,Trade between the two countries is growing.,两国之间的贸易正在增长。,
steam,n.汽，水蒸气,/stˈim/,Steam rose from the hot soup.,热汤里冒出了水蒸气。,
worthless,a.没有价值，没有用的,/wˈɜrθləs/,The broken toy seemed worthless to everyone else.,那个坏掉的玩具在其他人看来毫无价值。,
scare,v.使害怕，使恐惧,/skˈɛr/,Loud noises can scare the baby.,巨大的声响会吓到婴儿。,
scene,n.（戏剧、电影等的）一场，场景，布景,/sˈin/,My favorite scene is at the end of the movie.,我最喜欢的场景在电影结尾。,
belly,n.肚子,/bˈɛli/,The puppy rolled over and showed its belly.,小狗翻过身，露出了肚子。,
exit,n.出口，太平门,/ˈɛɡzɪt/,Follow the signs to the nearest exit.,跟着标志走到最近的出口。,
frequent,a.经常的；频繁的,/frˈikwənt/,Frequent practice will improve your English.,经常练习会提高你的英语水平。,
somehow,adv.莫名其妙地；以某种方式,/sˈʌmhˌaʊ/,Somehow we found our way home in the dark.,不知怎么地，我们在黑暗中找到了回家的路。,
represent,vt.代表,/rˌɛprəzˈɛnt/,These five students represent our school.,这五名学生代表我们学校。,
ankle,n.踝，踝关节,/ˈæŋkəl/,I hurt my ankle while running.,我跑步时扭伤了脚踝。,
alike,ad.很相似地，同样地,/əlˈaɪk/,The two sisters look very alike.,这对姐妹长得很像。,
cousin,n.堂（表）兄弟，堂（表）姐妹,/kˈʌzən/,My cousin lives in Shanghai.,我的表姐住在上海。,
complicated,adj.复杂的,/kˈɑmpləkˌeɪtəd/,The rules look complicated at first.,这些规则起初看起来很复杂。,
messy,a.乱七八糟的,/mˈɛsi/,Your desk is too messy to work on.,你的书桌太乱了，没法在上面学习。,
supervision,n.监督，监管,/sˌupərvˈɪʒən/,Children may swim only under adult supervision.,儿童只能在成人监督下游泳。,
unsafe,a.不安全的；危险的,/ənsˈeɪf/,It is unsafe to cross the road here.,在这里过马路不安全。,
wipe,v.擦；擦净；擦干,/wˈaɪp/,Please wipe your shoes before coming inside.,进屋前请把鞋擦干净。,
medium,n.媒体，中间的，中等的,/mˈidiəm/,I would like a medium bowl of noodles.,我想要一碗中份面条。,
bath,n.洗澡；浴室；澡盆,/bˈæθ/,The baby takes a bath every evening.,宝宝每天晚上洗澡。,
procedure,n.程序，手续，待遇,/prəsˈidʒər/,Please follow the safety procedure carefully.,请认真遵守安全程序。,
reveal,vt揭露，揭示,/rɪvˈil/,The test results reveal the cause of the problem.,检测结果揭示了问题的原因。,
troublesome,a.令人烦恼，讨厌,/trˈʌbəlsəm/,This troublesome cough kept me awake all night.,这恼人的咳嗽让我整夜无法入睡。,
oppose,vt.反对；反抗,/əpˈoʊz/,Many parents oppose the plan to close the library.,许多家长反对关闭图书馆的计划。,
stimulate,v.促进，激发，激励；刺激，使兴奋,/stˈɪmjəlˌeɪt/,Outdoor games stimulate children's interest in nature.,户外游戏能激发孩子们对大自然的兴趣。,
latter,n.（两者之中的）后者,/lˈætər/,Of tea and coffee I prefer the latter.,茶和咖啡两者中我更喜欢后者。,
jet,n.喷气式飞机；喷射（器）,/dʒˈɛt/,The jet flew high above the clouds.,喷气式飞机在云层上方高高飞行。,
assistance,n.帮助，援助，支持,/əsˈɪstəns/,Please ask a teacher for assistance if you need it.,如果需要帮助，请向老师求助。,
simplify,v.使简化，使简易,/sˈɪmpləfˌaɪ/,This diagram can simplify a difficult idea.,这张图可以简化一个难懂的概念。,
curriculum,n.（学校的）全部课程,/kərˈɪkjələm/,Music is an important part of our school curriculum.,音乐是我们学校全部课程的重要组成部分。,
shelter,n.掩蔽；隐蔽处,/ʃˈɛltər/,We found shelter from the rain under a bridge.,我们在桥下找到了避雨处。,
consequence,n.结果，后果,/kˈɑnsəkwəns/,Missing the bus was a consequence of leaving late.,没赶上公交车是出门晚的后果。,
unsuccessful,a.不成功，失败的,/ˌʌnsəksˈɛsfəl/,Our first attempt to fix the bike was unsuccessful.,我们第一次修自行车的尝试失败了。,
application,n.申请；应用，运用,/ˌæpləkˈeɪʃən/,She sent her application to the summer camp.,她向夏令营递交了申请。,
ballet,n.芭蕾舞,/bælˈeɪ/,My sister practices ballet every Saturday.,我妹妹每周六练习芭蕾舞。,
contemporary,a.属同时期的，同一时代的,/kəntˈɛmpərˌɛri/,The museum shows contemporary art by young artists.,这家博物馆展出年轻艺术家的当代艺术作品。,
likewise,adv.同样,/lˈaɪkwˌaɪz/,Tom enjoys reading and his sister does likewise.,汤姆喜欢阅读，他妹妹也一样。,
imitate,v.模仿,/ˈɪmətˌeɪt/,Young children often imitate their parents.,小孩子经常模仿父母。,
pronounce,vt.发音,/prənˈaʊns/,Can you pronounce my name correctly?,你能正确读出我的名字吗？,
bury,vt.埋；葬,/bˈɛri/,The dog tried to bury a bone in the garden.,那只狗试图把一根骨头埋在花园里。,
poison,n.毒药,/pˈɔɪzən/,Keep this poison away from children.,让这种毒药远离儿童。,
pollute,vt.污染,/pəlˈut/,Plastic waste can pollute rivers and oceans.,塑料垃圾会污染河流和海洋。,
pour,vi.倾泻，不断流出,/pˈɔr/,Please pour some milk into my glass.,请往我的杯子里倒些牛奶。,
bond,n./v.纽带，联系，使牢固,/bˈɑnd/,Playing together helped form a strong bond between them.,一起玩耍帮助他们建立了牢固的联系。,
coast,n.海岸；海滨,/kˈoʊst/,We watched the sun rise over the coast.,我们在海岸边观看日出。,
goat,n.山羊,/ɡˈoʊt/,The goat is eating grass on the hill.,那只山羊正在山坡上吃草。,
territory,n.领土,/tˈɛrɪtˌɔri/,The two countries share this territory.,这两个国家共享这片领土。,
loose,a.松散的；宽松的,/lˈus/,This button is loose and may fall off.,这颗纽扣松了，可能会掉下来。,
dynamic,a.充满活力，精力充沛的,/daɪnˈæmɪk/,Our new coach is dynamic and full of ideas.,我们的新教练充满活力而且很有想法。,
stadium,n.（露天）体育场,/stˈeɪdiəm/,Thousands of fans filled the stadium.,数千名球迷坐满了体育场。,
nod,vi.点头,/nˈɑd/,Please nod if you understand the question.,如果你明白这个问题，请点头。,
headmaster,n.（英）中小学校长,/hˈɛdmˈæstər/,The headmaster welcomed us on the first day.,校长在第一天欢迎了我们。,
unfit,a.不合宜的，不相宜的,/ənfˈɪt/,These old shoes are unfit for a long hike.,这双旧鞋不适合长途徒步。,
railway,n.铁路；铁道,/rˈeɪlwˌeɪ/,A new railway connects the two cities.,一条新铁路连接着这两座城市。,
frighten,vt.使惊恐，吓唬,/frˈaɪtən/,Do not frighten the little dog.,不要吓唬那只小狗。,
uniform,n.制服,/jˈunəfˌɔrm/,Every student must wear a school uniform.,每个学生都必须穿校服。,
cigarette,n.纸烟，香烟,/sˌɪɡərˈɛt/,He put out his cigarette before entering.,他进门前熄灭了香烟。,
soldier,n.士兵，战士,/sˈoʊldʒər/,The young soldier stood guard at the gate.,这名年轻士兵在大门口站岗。,
roll,v.滚动，打滚n.面包圈，小圆面包；卷状物,/rˈoʊl/,The ball began to roll down the hill.,球开始滚下山坡。,
transform,v.使改变形态，使改观,/trænsfˈɔrm/,Fresh paint can transform this old room.,新油漆能使这个旧房间焕然一新。,
conflict,n.冲突，争执，争论,/kˈɑnflɪkt/,The two friends solved their conflict peacefully.,这两个朋友和平解决了争执。,
substance,n.物质，材料，东西；主旨，要点，实质,/sˈʌbstəns/,The scientist tested the unknown substance.,科学家检测了这种未知物质。,
wire,n.电线,/wˈaɪər/,Do not touch that broken wire.,不要触碰那根断掉的电线。,
yard,n.码；院子；场地,/jˈɑrd/,The children are playing in the yard.,孩子们正在院子里玩耍。,
firmly,ad.牢牢地,/fˈɜrmli/,Hold the ladder firmly with both hands.,用双手牢牢扶住梯子。,
academic,a.学术的，学院的,/ˌækədˈɛmɪk/,She received an award for her academic work.,她因学术研究获得了一个奖项。,
misunderstand,v.误会；不理解,/mˌɪsəndərstˈænd/,Do not misunderstand my reason for leaving.,不要误会我离开的原因。,
kindergarten,n.幼儿园,/kˈɪndərɡˌɑrtən/,My little brother starts kindergarten next week.,我弟弟下周开始上幼儿园。,
spelling,n.拼写，拼读,/spˈɛlɪŋ/,Check the spelling of each word before handing in your work.,交作业前检查每个单词的拼写。,
minimum,a.最小的,/mˈɪnəməm/,The minimum age for this activity is twelve.,参加这项活动的最低年龄是十二岁。,
mile,n.英里,/mˈaɪl/,The nearest village is a mile away.,最近的村庄在一英里外。,
slim,a.苗条的，纤细的,/slˈɪm/,The slim cat slipped through the narrow opening.,那只纤细的猫从狭窄的洞口钻了过去。,
politics,n.政治,/pˈɑlətˌɪks/,My grandfather often reads books about politics.,我爷爷经常阅读有关政治的书。,
politician,n.政治家,/pˌɑlətˈɪʃən/,The politician answered questions from local people.,这位政治家回答了当地居民的问题。,
encounter,v.遭遇，碰到,/ɪnkˈaʊntər/,You may encounter wild animals in the forest.,你在森林里可能会遇到野生动物。,
neck,n.颈，脖子,/nˈɛk/,She wore a warm scarf around her neck.,她在脖子上围了一条暖和的围巾。,
spaceship,n.宇宙飞船,/spˈeɪsʃˌɪp/,The spaceship carried three astronauts into space.,这艘宇宙飞船把三名宇航员送入太空。,
breakthrough,n.重大进展，突破,/brˈeɪkθrˌu/,The new medicine is a major breakthrough.,这种新药是一项重大突破。,
enlarge,vt.扩大,/ɛnlˈɑrdʒ/,Click the picture to enlarge it.,点击图片将它放大。,
chemistry,n.化学,/kˈɛməstri/,We did a simple experiment in chemistry class.,我们在化学课上做了一个简单的实验。,
security,n.安全，平安,/sɪkjˈʊrəti/,The guard checks every bag for security.,保安为了安全检查每个包。,
intend,vt.想要，打算,/ɪntˈɛnd/,I intend to finish the book tonight.,我打算今晚读完这本书。,
burst,v.突然发生；突然发作,/bˈɜrst/,The balloon may burst if you add more air.,如果你再充气，气球可能会爆裂。,
tune,n.曲调，曲子,/tˈun/,She played a cheerful tune on the piano.,她用钢琴弹奏了一首欢快的曲子。,
puzzled,a.迷惑的，困惑的,/pˈʌzəld/,He looked puzzled by the strange question.,他对这个奇怪的问题感到困惑。,
urge,v.敦促，催促，力劝,/ˈɜrdʒ/,Doctors urge people to exercise regularly.,医生敦促人们经常锻炼。,
regulation,n.规则，规章,/rˌɛɡjəlˈeɪʃən/,This safety regulation protects all workers.,这项安全规章保护所有工人。,
weigh,vt.称…的重量，重（若干）,/wˈeɪ/,Please weigh the apples before I pay.,请在我付款前称一下这些苹果。,
opener,n.开具，启子,/ˈoʊpənər/,I used an opener to open the bottle.,我用开瓶器打开了瓶子。,
undertake,v.承担，从事，负责,/ˈʌndərtˌeɪk/,Our class will undertake a project about local history.,我们班将承担一个关于当地历史的项目。,
sculpture,n.雕塑（术），雕刻（术），雕刻作品，雕像,/skˈʌlptʃər/,A stone sculpture stands in the town square.,一座石雕矗立在城镇广场上。,
border,n.边缘；边境，国界,/bˈɔrdər/,They crossed the border by train.,他们乘火车越过了边境。,
vivid,a.生动，逼真的，鲜明的,/vˈɪvəd/,She gave a vivid description of the storm.,她对那场暴风雨作了生动的描述。,
combine,vt.使联合；使结合,/kˈɑmbaɪn/,We can combine these two ideas into one plan.,我们可以把这两个想法合成一个计划。,
incorrect,a.不正确的，错误的,/ɪnkərˈɛkt/,One answer on this page is incorrect.,这一页有一个答案是错误的。,
permission,n.允许，许可，同意,/pərmˈɪʃən/,You need permission to use this computer.,你需要获得许可才能使用这台电脑。,
plain,a.家常的；普通的,/plˈeɪn/,He wore a plain white shirt.,他穿着一件普通的白衬衫。,
dilemma,n.（进退两难的）窘境，困境,/dɪlˈɛmə/,She faced a dilemma about which team to join.,她面临着该加入哪支队伍的两难处境。,
frog,n.青蛙,/frˈɑɡ/,A green frog jumped into the pond.,一只绿青蛙跳进了池塘。,
explorer,n.探险者,/ɪksplˈɔrər/,The explorer drew a map of the island.,这位探险者画了一张岛屿地图。,
bar,n.条（长方）块，棒，横木n.（酒店的）买酒柜台；酒吧；（卖东西的）柜台,/bˈɑr/,She bought a bar of chocolate after school.,放学后她买了一块巧克力。,
treasure,n.金银财宝，财富,/trˈɛʒər/,The pirates searched the island for treasure.,海盗们在岛上寻找财宝。,
breast,n.乳房，胸脯,/brˈɛst/,The bird has bright red feathers on its breast.,这只鸟的胸部有鲜红色的羽毛。,
authority,n.权力，权威，威信，官方,/əθˈɔrəti/,The principal has the authority to change the rule.,校长有权修改这项规定。,
fluency,n.（外语）流利，流畅,/flˈuənsi/,Daily practice improved her fluency in English.,每天练习提高了她英语的流利程度。,
garage,n.汽车间（库）,/ɡərˈɑʒ/,Dad parked the car in the garage.,爸爸把车停在了车库里。,
spell,vt.拼写,/spˈɛl/,Can you spell your family name for me?,你能为我拼一下你的姓吗？,
microwave,n.微波,/mˈaɪkrəwˌeɪv/,Please heat the soup in the microwave.,请用微波炉把汤热一下。,
diamond,n.钻石，金刚石；纸牌中的方块,/dˈaɪmənd/,The ring has a small diamond in the center.,这枚戒指中央有一颗小钻石。,
helmet,n.头盔,/hˈɛlmət/,Always wear a helmet when riding a bike.,骑自行车时一定要戴头盔。,
core,n.核心；果核,/kˈɔr/,Trust is at the core of their friendship.,信任是他们友谊的核心。,
framework,n.（建筑物）框架，结构,/frˈeɪmwˌɜrk/,Workers built the wooden framework of the house.,工人们搭建了房屋的木制框架。,
assessment,n.看法，评价,/əsˈɛsmənt/,The teacher gave an honest assessment of my work.,老师对我的作业作出了诚实的评价。,
kettle,n.(烧水用的)水壶,/kˈɛtəl/,The water is boiling in the kettle.,水壶里的水正在沸腾。,
maple,n.枫树,/mˈeɪpəl/,The leaves of this maple turn red in autumn.,这棵枫树的叶子在秋天变红。,
shoot,vt.射击，射中，发射n.嫩枝；苗；芽,/ʃˈut/,Never shoot at birds with this toy gun.,绝不要用这把玩具枪射击鸟儿。,
seek,vt.试图;探寻,/sˈik/,You should seek help when you feel lost.,感到迷茫时你应该寻求帮助。,
bookmark,n.书签,/bˈʊkmɑrk/,I put a bookmark between the pages.,我在书页间放了一枚书签。,
mankind,n.人类;（总称）人,/mˈænkˈaɪnd/,This discovery may benefit all mankind.,这项发现可能造福全人类。,
blame,n.&v.责备；责怪,/blˈeɪm/,Do not blame others for your mistake.,不要因为自己的错误责怪别人。,
choke,n.&v.窒息,/tʃˈoʊk/,Small toys can cause a baby to choke.,小玩具可能会使婴儿窒息。,
classic,a.一流的，典型的，有代表性的,/klˈæsɪk/,This old film is a classic example of comedy.,这部老电影是喜剧的经典范例。,
homeland,n.祖国,/hˈoʊmlˌænd/,The travelers were happy to return to their homeland.,旅行者们很高兴回到祖国。,
base,n.根据地，基地（棒球）垒,/bˈeɪs/,The climbers returned safely to their base.,登山者安全返回了基地。,
contribute,v.贡献,/kəntrˈɪbjut/,Everyone can contribute to a cleaner neighborhood.,每个人都能为更清洁的社区作出贡献。,
harmony,n.融洽，和睦,/hˈɑrməni/,The neighbors live together in harmony.,邻居们和睦相处。,
significance,n.重要性，意义,/səɡnˈɪfɪkəns/,Few people understood the significance of the discovery.,很少有人理解这项发现的重要性。,
champion,n.冠军，优胜者,/tʃˈæmpiən/,The young champion lifted the gold cup.,这位年轻的冠军举起了金杯。,
dive,vi.跳水,/dˈaɪv/,We watched him dive into the swimming pool.,我们看着他跳进游泳池。,
disturb,vt.扰乱；打扰,/dɪstˈɜrb/,Please do not disturb your sister while she studies.,你妹妹学习时请不要打扰她。,
reset,v.重置,/risˈɛt/,Press this button to reset the clock.,按这个按钮重置时钟。,
worn,a.用坏，用旧的，疲惫的,/wˈɔrn/,He replaced his worn shoes with a new pair.,他用一双新鞋换掉了穿旧的鞋。,
organ,n.（人，动物）器官,/ˈɔrɡən/,The heart is an important organ in the body.,心脏是人体的重要器官。,
memorial,n.纪念馆,/məmˈɔriəl/,We visited a memorial for the fallen soldiers.,我们参观了一座纪念阵亡士兵的纪念馆。,
pleased,a.高兴的,/plˈizd/,My parents were pleased with my progress.,父母对我的进步感到高兴。,
suspect,n.犯罪嫌疑人,/səspˈɛkt/,The police questioned the suspect for an hour.,警察盘问了嫌疑人一个小时。,
physician,n.(有行医执照的)医生,/fəzˈɪʃən/,The physician examined the sick child carefully.,医生仔细检查了生病的孩子。,
committee,n.委员会,/kəmˈɪti/,The committee will meet on Monday.,委员会将在星期一开会。,
skeptical,a.怀疑的,/skˈɛptəkəl/,I was skeptical of his surprising story.,我对他那令人惊讶的故事持怀疑态度。,
desert,n.沙漠vt.舍弃；遗弃,/dˈɛzərt/,Very few plants can live in this dry desert.,很少有植物能在这片干旱的沙漠中生存。,
corn,n.玉米，谷物,/kˈɔrn/,The farmer grows corn in this field.,农民在这块田里种玉米。,
avenue,n.大道,/ˈævənˌu/,They planted trees along the wide avenue.,他们沿着宽阔的大道种了树。,
downtown,n.城市的商业区，中心区，闹市区a.城市的商业区的，中心区的，闹市区的,/dˈaʊntˈaʊn/,We took the bus downtown to visit the museum.,我们乘公交车去市中心参观博物馆。,
reputation,n.名声，名誉,/rˌɛpjətˈeɪʃən/,This restaurant has a good reputation for fresh food.,这家餐馆以食物新鲜而享有好名声。,
reply,n.回答，答复,/rɪplˈaɪ/,I have not received a reply to my email.,我还没有收到对我邮件的回复。,
mountainous,a.多山的,/mˈaʊntənəs/,Travel is difficult in this mountainous region.,在这个多山地区旅行很困难。,
export,n./v.出口，输出,/ˈɛkspɔrt/,The country plans to export more fruit next year.,这个国家计划明年出口更多水果。,
turkey,n.火鸡,/tˈɜrki/,We cooked a large turkey for dinner.,我们晚餐烤了一只大火鸡。,
ambitious,a.志向远大的，雄心勃勃的；（计划、想法）要求过高的，费劲的,/æmbˈɪʃəs/,She is ambitious and hopes to become a scientist.,她志向远大，希望成为一名科学家。,
belt,n.（皮）带,/bˈɛlt/,He wore a brown leather belt.,他系着一条棕色皮带。,
technical,a.技术的，工艺的,/tˈɛknɪkəl/,We need technical help to repair the machine.,我们需要技术帮助来修理这台机器。,
vacation,n.假期，休假,/veɪkˈeɪʃən/,Our family went to the beach on vacation.,我们全家去海边度假了。,
contribution,n.贡献,/kˌɑntrəbjˈuʃən/,Her contribution made the school fair a success.,她的贡献使校园集市取得了成功。,
viewer,n.观看者,/vjˈuər/,Every viewer can vote for a favorite singer.,每位观众都可以为最喜欢的歌手投票。,
bathe,vi.洗澡；游泳,/bˈeɪð/,We bathe in the lake on hot summer days.,炎热的夏日里我们在湖中游泳。,
suitcase,n.(旅行用)小提箱，衣箱,/sˈutkˌeɪs/,She packed her clothes into a small suitcase.,她把衣服装进了一个小行李箱。,
butterfly,n.蝴蝶,/bˈʌtərflˌaɪ/,A colorful butterfly landed on the flower.,一只彩色的蝴蝶落在花上。,
board,n.木板；布告牌；委员会；（政府的）部v.上（船、火车、飞机）,/bˈɔrd/,Passengers may now board the train.,乘客们现在可以上火车了。,
injury,n.受伤处,/ˈɪndʒəri/,He could not play because of a knee injury.,他因膝盖受伤而无法比赛。,
bay,n.湾；海湾,/bˈeɪ/,Small boats sailed across the quiet bay.,小船驶过宁静的海湾。,
definitely,ad.肯定，当然，毫无疑问,/dˈɛfənətli/,I will definitely come to your party.,我一定会来参加你的聚会。,
outing,n.郊游，远足,/ˈaʊtɪŋ/,Our class went on an outing to the zoo.,我们班去动物园郊游了。,
festival,a.节日的，喜庆的,/fˈɛstəvəl/,The town holds a spring festival every year.,这个小镇每年举办春季庆典。,
stability,n.稳定，稳定性,/stəbˈɪlɪti/,Strong roots give the tree stability.,强壮的根使树保持稳定。,
celebrate,v.庆祝,/sˈɛləbrˌeɪt/,We will celebrate her birthday this weekend.,这个周末我们将庆祝她的生日。,
workplace,n.工作场所，车间,/wˈɜrkplˌeɪs/,Everyone should feel safe in the workplace.,每个人都应该在工作场所感到安全。,
underground,a.地下的n.地铁,/ˈʌndərɡrˌaʊnd/,The city built an underground railway.,这座城市修建了一条地下铁路。,
deed,n.行为；事迹,/dˈid/,Helping the lost child was a kind deed.,帮助走失的孩子是一种善举。,
enhance,v.提高，增强，增进,/ɛnhˈæns/,Good lighting can enhance the beauty of a room.,良好的照明可以提升房间的美感。,
sustainable,a.可持续的,/səstˈeɪnəbəl/,Biking is a sustainable way to travel.,骑自行车是一种可持续的出行方式。,
urban,a.城市的，都市的,/ˈɜrbən/,Many urban families live in apartments.,许多城市家庭住在公寓里。,
fuel,n.燃料,/fjˈuəl/,This bus uses clean fuel.,这辆公交车使用清洁燃料。,
salary,n.薪金，薪水,/sˈæləri/,Her salary is enough for a simple life.,她的薪水足以维持简单的生活。,
skillful,a.熟练，精湛的，灵巧的,/skˈɪlfəl/,The skillful cook made a beautiful cake.,那位技艺娴熟的厨师做了一个漂亮的蛋糕。,
surround,vt.围绕；包围,/sərˈaʊnd/,Tall trees surround our school.,高大的树木环绕着我们的学校。,
square,n.广场a.平方的；方形的，宽而结实的（体格，肩膀）,/skwˈɛr/,We met in the town square.,我们在城镇广场见面。,
loan,n.贷款，借款v.借出，贷与(尤指钱),/lˈoʊn/,My uncle took out a loan to buy a car.,我叔叔贷款买了一辆车。,
link,v.连接；联系,/lˈɪŋk/,This bridge will link the two villages.,这座桥将连接两个村庄。,
eastern,a.东方的；东部的,/ˈistərn/,The sun rose over the eastern hills.,太阳从东边的山丘上升起。,
decline,v.减少，下降，衰退，谢绝,/dɪklˈaɪn/,Fish numbers began to decline last year.,鱼的数量去年开始下降。,
assignment,n.功课，作业;工作;分配,/əsˈaɪnmənt/,I finished my science assignment before dinner.,我在晚饭前完成了科学作业。,
squeeze,n.挤压，捏，塞,/skwˈiz/,Give the lemon a gentle squeeze.,轻轻挤一下柠檬。,
preserve,v.保护，保留，保存,/prəzˈɜrv/,We must preserve this old forest.,我们必须保护这片古老的森林。,
classical,a.传统的；古典的,/klˈæsɪkəl/,My sister enjoys classical music.,我姐姐喜欢古典音乐。,
impression,n.印象，感觉,/ɪmprˈɛʃən/,The friendly teacher made a good impression on me.,那位友善的老师给我留下了好印象。,
hardship,n.困难,/hˈɑrdʃɪp/,The family stayed hopeful during the hardship.,这家人在困境中仍然满怀希望。,
barrier,n.屏障，障碍，关卡,/bˈæriər/,Poor eyesight can be a barrier to reading.,视力不佳可能成为阅读的障碍。,
freezing,a.冻结的；极冷的,/frˈizɪŋ/,It is freezing outside tonight.,今晚外面冷极了。,
tidy,a.整洁的，干净的vt.弄整洁，弄干净,/tˈaɪdi/,Please keep your desk tidy.,请保持书桌整洁。,
budget,n.预算,/bˈʌdʒɪt/,We planned the trip on a small budget.,我们用不多的预算规划了这次旅行。,
beside,prep.在…旁边；靠近,/bɪsˈaɪd/,Mia sat beside me on the bus.,米娅在公交车上坐在我旁边。,
dirt,n.污物；脏物,/dˈɜrt/,Wash the dirt off your hands.,把手上的污垢洗掉。,
grand,a.宏伟的,/ɡrˈænd/,A grand palace stood by the river.,河边矗立着一座宏伟的宫殿。,
goodness,n.善良，美德,/ɡˈʊdnəs/,Her goodness made everyone trust her.,她的善良让大家都信任她。,
reserve,n.自然保护区v.预定，保留,/rɪzˈɜrv/,We should reserve a table for six.,我们应该预订一张六人桌。,
conscience,n.良心，良知，内疚,/kˈɑnʃəns/,His conscience told him to return the wallet.,他的良心告诉他应该归还钱包。,
ugly,a.丑陋的；难看的,/ˈʌɡli/,The wall was covered with ugly marks.,墙上布满了难看的痕迹。,
geography,n.地理学,/dʒiˈɑɡrəfi/,We studied rivers in geography today.,我们今天在地理课上学习了河流。,
republic,n.共和国,/ripˈʌblək/,The country became a republic in 1950.,这个国家于1950年成为共和国。,
pond,n.池塘,/pˈɑnd/,Several ducks are swimming in the pond.,几只鸭子正在池塘里游泳。,
seaweed,n.海草，海藻，海带,/sˈiwˌid/,Sea turtles sometimes eat seaweed.,海龟有时吃海草。,
agent,n.代理人，经济人,/ˈeɪdʒənt/,The travel agent booked our hotel.,旅行代理人帮我们预订了酒店。,
measurable,adj.可测量的,/mˈɛʒərəbəl/,Regular practice brings measurable progress.,定期练习会带来可衡量的进步。,
symbol,n.象征,/sˈɪmbəl/,The dove is a symbol of peace.,鸽子是和平的象征。,
shave,v.刮（脸，胡子）,/ʃˈeɪv/,Dad needs to shave before work.,爸爸上班前需要刮胡子。,
whistle,n.口哨，口哨声,/wˈɪsəl/,The referee blew his whistle.,裁判吹响了哨子。,
alert,a.警觉的,/əlˈɜrt/,The guard stayed alert all night.,警卫整夜保持警觉。,
occur,vi.发生,/əkˈɜr/,Accidents often occur on icy roads.,结冰的道路上经常发生事故。,
transfer,v.转移，调动,/trænsfˈɜr/,You can transfer the photos to this computer.,你可以把照片传到这台电脑上。,
atmosphere,n.大气；气氛,/ˈætməsfˌɪr/,The cafe has a warm atmosphere.,这家咖啡馆有温馨的氛围。,
racial,a.种族的,/rˈeɪʃəl/,Our school speaks out against racial unfairness.,我们学校公开反对种族不公。,
discrimination,n.歧视,/dɪskrˌɪmənˈeɪʃən/,Everyone should stand against discrimination.,每个人都应该反对歧视。,
drunk,a.醉的,/drˈʌŋk/,The drunk driver was stopped by the police.,那名醉酒司机被警察拦下了。,
booth,n.岗；（为某种用途而设的）亭或小隔间,/bˈuθ/,We bought tickets at the booth.,我们在售票亭买了票。,
disturbing,a.令人不安的，引起恐慌的,/dɪstˈɜrbɪŋ/,The news report showed some disturbing images.,新闻报道展示了一些令人不安的画面。,
distinguish,v.区分，辨别，分清,/dɪstˈɪŋɡwɪʃ/,I cannot distinguish the twins from a distance.,我从远处无法分辨这对双胞胎。,
tent,n.帐篷,/tˈɛnt/,We slept in a tent near the lake.,我们睡在湖边的帐篷里。,
edge,n.边缘,/ˈɛdʒ/,Do not stand near the edge of the cliff.,不要站在悬崖边缘附近。,
grammar,n.语法,/ɡrˈæmər/,Good grammar makes your writing clearer.,正确的语法让你的写作更清晰。,
bee,n..蜜蜂,/bˈi/,A bee landed on the yellow flower.,一只蜜蜂落在了黄花上。,
evaluate,v.估值，评价，评估,/ɪvˈæljuˌeɪt/,The coach will evaluate our teamwork.,教练将评估我们的团队合作。,
photographer,n.摄影师,/fətˈɑɡrəfər/,The photographer took pictures of the birds.,摄影师拍摄了那些鸟。,
straw,n.稻草,/strˈɔ/,The farmer covered the ground with straw.,农民用稻草覆盖地面。,
loaf,n.一个面包,/lˈoʊf/,She bought a loaf of fresh bread.,她买了一条新鲜面包。,
stove,n.（供烹饪用的）火炉，煤炉，电炉,/stˈoʊv/,The soup is warming on the stove.,汤正在炉子上加热。,
flour,n.面粉，粉,/flˈaʊər/,Mix the flour with two eggs.,把面粉和两个鸡蛋混合。,
spoonful,n.一匙（的量）,/spˈunfˌʊl/,Add a spoonful of sugar to the tea.,在茶里加一匙糖。,
permanent,a.永久的，永恒的,/pˈɜrmənənt/,The paint left a permanent mark.,油漆留下了永久的痕迹。,
restriction,n.限制，约束,/ristrˈɪkʃən/,There is a height restriction on this ride.,这个游乐项目有身高限制。,
pursuit,n.追求,/pərsˈut/,She moved abroad in pursuit of her dream.,她为了追求梦想去了国外。,
apartment,n.（美）楼中单元房，一套房间；房间,/əpˈɑrtmənt/,They live in a small apartment downtown.,他们住在市中心的一套小公寓里。,
construct,v.构筑；建造，建设,/kənstrˈʌkt/,Workers will construct a new bridge here.,工人们将在这里建造一座新桥。,
trap,n.陷阱vt.使陷入困境,/trˈæp/,The mouse escaped from the trap.,老鼠逃出了陷阱。,
dictionary,n.词典，字典,/dˈɪkʃənˌɛri/,Look up the new term in a dictionary.,在词典里查一下这个新术语。,
selfish,a.自私的,/sˈɛlfɪʃ/,It was selfish of him to keep all the food.,他把所有食物都留给自己，太自私了。,
sunset,n.日落(时分),/sˈʌnsˌɛt/,We watched the sunset from the beach.,我们在海滩上看了日落。,
armchair,n.扶手椅,/ˈɑrmtʃˌɛr/,Grandpa reads in his armchair every evening.,爷爷每天晚上坐在扶手椅上看书。,
mathematics,n.（常作单数用）数学，(英美口语)数学,/mˌæθəmˈætɪks/,Mathematics is my favorite subject.,数学是我最喜欢的科目。,
launch,v.发布；发射；启动,/lˈɔntʃ/,The company will launch a new app next month.,这家公司下个月将发布一款新应用。,
shuttle,vn.合拢（往返与两个定点之间的）（火车汽车飞机）班车/机,/ʃˈʌtəl/,A free shuttle runs between the hotel and airport.,酒店和机场之间有免费班车往返。,
cater,v.提供饮食，承办酒席,/kˈeɪtər/,This kitchen can cater for fifty guests.,这个厨房能为五十位客人提供餐饮。,
silver,n.银,/sˈɪlvər/,She wore a simple silver ring.,她戴着一枚简单的银戒指。,
prevention,n.防范,/privˈɛnʃən/,Handwashing is important for disease prevention.,洗手对预防疾病很重要。,
distant,a.远的，遥远的,/dˈɪstənt/,We saw a light on a distant hill.,我们看到远处山丘上有一盏灯。,
bounce,v.弹起，蹦，上下晃动,/bˈaʊns/,The ball will bounce on the hard floor.,球会在坚硬的地板上弹起。,
delete,v.删去,/dɪlˈit/,Please delete the old photo.,请删除那张旧照片。,
oxygen,n.氧；氧气,/ˈɑksədʒən/,Humans need oxygen to stay alive.,人类需要氧气才能生存。,
float,vi.漂浮，浮动,/flˈoʊt/,Dry leaves float on the water.,干树叶漂浮在水面上。,
drawer,n.抽屉,/drˈɔr/,The keys are in the top drawer.,钥匙在最上面的抽屉里。,
overcome,v.克服，解决,/ˈoʊvərkˌʌm/,"With practice, you can overcome your fear.",通过练习，你可以克服恐惧。,
postcard,n.明信片,/pˈoʊstkˌɑrd/,I sent Grandma a postcard from Beijing.,我从北京给奶奶寄了一张明信片。,
soccer,n.英式足球,/sˈɑkər/,We play soccer after school on Fridays.,我们每周五放学后踢足球。,
comment,n.评论,/kˈɑmɛnt/,Her kind comment made me smile.,她友善的评论让我笑了。,
statistics,n.统计数字，统计资料，统计学,/stətˈɪstɪks/,The statistics show that fewer people smoke now.,统计数据显示，现在吸烟的人少了。,
branch,n.树枝；分枝；分公司，分店；支部,/brˈæntʃ/,A bird rested on a low branch.,一只鸟停在一根低矮的树枝上。,
abstract,a./n.抽象的（作品）,/æbstrˈækt/,This abstract painting uses bright colors.,这幅抽象画使用了鲜艳的色彩。,
march,n.游行，行进,/mˈɑrtʃ/,The peaceful march ended at noon.,这场和平游行在中午结束。,
physicist,n.物理学家,/fˈɪzɪsɪst/,The young physicist studies light and energy.,这位年轻的物理学家研究光和能量。,
philosophy,n哲学,/fəlˈɑsəfi/,Her philosophy is to treat everyone kindly.,她的人生理念是善待每个人。,
characteristic,a.典型的，独特的,/kˌɛrəktərˈɪstɪk/,A long neck is a characteristic feature of giraffes.,长脖子是长颈鹿的典型特征。,
cheerful,a.兴高采烈的，快活的,/tʃˈɪrfəl/,Leo stayed cheerful even on rainy days.,即使在雨天，利奥也保持快乐。,
adventure,n.冒险；奇遇,/ædvˈɛntʃər/,Our camping trip became a real adventure.,我们的露营之旅成了一次真正的冒险。,
contain,v.包含；包括；能容纳,/kəntˈeɪn/,This box can contain twenty books.,这个箱子能装下二十本书。,
disaster,n.灾难；祸患,/dɪzˈæstər/,The flood was a disaster for the village.,洪水给这个村庄带来了一场灾难。,
smooth,a.光滑的;平坦的,/smˈuð/,The stone feels cool and smooth.,这块石头摸起来又凉又光滑。,
origin,n.起源，由来,/ˈɔrədʒən/,Nobody knows the exact origin of the story.,没有人知道这个故事的确切起源。,
bite,v.咬；叮,/bˈaɪt/,"Be careful, or the dog may bite.",小心，否则这只狗可能会咬人。,
soup,n.汤,/sˈup/,Mom made tomato soup for lunch.,妈妈午餐做了番茄汤。,
mouthful,n.满口，一口,/mˈaʊθfˌʊl/,He took a mouthful of water.,他喝了一口水。,
perceive,v.意识到，察觉到；认为,/pərsˈiv/,Children often perceive small changes quickly.,孩子们往往能很快察觉细微的变化。,
tap,n.(自来水煤气等的)龙头,/tˈæp/,Turn off the tap while brushing your teeth.,刷牙时关掉水龙头。,
file,n.公文柜；档案(计算机)文档,/fˈaɪl/,Save your homework in this file.,把你的作业保存在这个文件中。,
strike,v.（钟）鸣;敲（响），罢工，侵袭,/strˈaɪk/,The clock will strike twelve at midnight.,时钟将在午夜敲响十二点。,
button,n.纽扣；（电铃等的）按钮v.扣（纽扣）,/bˈʌtən/,Press the green button to start the machine.,按绿色按钮启动机器。,
industrialization,n.工业化,/ɪndˌʌstriəlɪzˈeɪʃən/,Industrialization brought many people to cities.,工业化使许多人来到城市。,
accumulate,v.积累，积聚,/əkjˈumjəlˌeɪt/,Dust can accumulate under the bed.,灰尘会积聚在床底下。,
purchase,v.购买，采购,/pˈɜrtʃəs/,You can purchase tickets online.,你可以在网上购票。,
plate,n.板；片；牌；盘子；盆子,/plˈeɪt/,Put the sandwiches on a large plate.,把三明治放在一个大盘子里。,
soul,n.灵魂；心灵；气魄,/sˈoʊl/,Music can bring peace to the soul.,音乐能给心灵带来平静。,
steady,a.稳固的；平稳的,/stˈɛdi/,Keep a steady pace during the race.,比赛时保持稳定的速度。,
translation,n.翻译；译文,/trænzlˈeɪʃən/,I compared my translation with the original text.,我把自己的译文和原文作了比较。,
evident,a.清楚的，显而易见的,/ˈɛvədənt/,Her joy was evident from her smile.,从她的笑容可以明显看出她的喜悦。,
workforce,n.劳动力,/wˈɜrkfˌɔrs/,Women make up half of the local workforce.,女性占当地劳动力的一半。,
dimension,n.量度，尺寸，面积，程度，范围,/dɪmˈɛnʃən/,Measure each dimension of the box carefully.,仔细测量箱子的每个尺寸。,
irrigate,vt.灌溉,/ˈɪrəɡˌeɪt/,Farmers use river water to irrigate the fields.,农民用河水灌溉田地。,
solar,a.太阳的,/sˈoʊlər/,Our school uses solar energy for hot water.,我们学校使用太阳能供应热水。,
headline,n.（报刊的）大字标题,/hˈɛdlˌaɪn/,The surprising headline caught my attention.,这个令人惊讶的大标题吸引了我的注意。,
marker,n.标记，记号,/mˈɑrkər/,Use a red marker to circle the answer.,用红色记号笔圈出答案。,
inevitably,adv.不可避免地,/ɪnˈɛvətəbli/,"Without water, the plants will inevitably die.",没有水，这些植物将不可避免地死去。,
athletics,n.田径,/æθlˈɛtɪks/,She won two medals in athletics.,她在田径比赛中赢得了两枚奖牌。,
hardworking,a.努力工作的,/hˈɑrdwˌɜrkɪŋ/,Nina is a hardworking student.,妮娜是一名勤奋的学生。,
majority,n.大多数,/mədʒˈɔrəti/,The majority of students chose the blue shirt.,大多数学生选择了蓝色衬衫。,
convince,v.使确信，使信服,/kənvˈɪns/,These facts may convince him to change his mind.,这些事实可能会使他信服并改变主意。,
ruin,vt.（使）毁坏；（使）毁灭n.(复)废墟；遗迹,/rˈuən/,Heavy rain could ruin our picnic.,大雨可能会毁掉我们的野餐。,
stream,n.小河；溪流,/strˈim/,A clear stream flows behind the house.,一条清澈的小溪从房子后面流过。,
bacon,n.咸猪肉；熏猪肉,/bˈeɪkən/,He cooked eggs and bacon for breakfast.,他早餐煎了鸡蛋和培根。,
stomachache,n.胃疼,/ˈstʌməkeɪk/,I got a stomachache after eating too much.,我吃得太多后胃疼了。,
unbelievable,a.难以置信的,/ˌʌnbəlˈivəbəl/,The view from the mountain was unbelievable.,山上的景色美得令人难以置信。,
tower,n.塔,/tˈaʊər/,The old tower stands beside the river.,那座古塔矗立在河边。,
variation,n.(数量、水平等的)变化，变更；变种，变体,/vˌɛriˈeɪʃən/,There is little variation in temperature today.,今天的气温变化很小。,
broadcast,vt.广播,/brˈɔdkˌæst/,The station will broadcast the game live.,电视台将直播这场比赛。,
portable,a.手提的，便携式的,/pˈɔrtəbəl/,This portable speaker fits in my bag.,这个便携式音箱能放进我的包里。,
absent,a.缺席，不在,/ˈæbsənt/,Tom was absent from school because he was ill.,汤姆因病缺席了学校课程。,
personalize,v.个性化,/pˈɜrsənəlˌaɪz/,You can personalize the bag with your name.,你可以把名字印在包上，让它更具个性。,
yummy,a.很好吃的,/jˈʌmi/,These noodles smell yummy.,这些面条闻起来很好吃。,
cookie,n.小甜饼,/kˈʊki/,May I have one more cookie?,我可以再吃一块小甜饼吗？,
energetic,a.精力旺盛的,/ˌɛnərdʒˈɛtɪk/,The energetic puppy ran around the garden.,那只精力旺盛的小狗在花园里跑来跑去。,
profit,n.利润，收益,/prˈɑfət/,The shop made a small profit this month.,这家商店本月赚了一点利润。,
somewhat,adv.稍微；有点儿,/sˈʌmwˈʌt/,I felt somewhat nervous before the test.,考试前我感到有点紧张。,
shake,n.奶昔,/ʃˈeɪk/,I ordered a strawberry shake.,我点了一杯草莓奶昔。,
zoom,v.快速移动，迅速前往，猛涨,/zˈum/,We watched the train zoom past us.,我们看着火车从身边飞驰而过。,
neat,a.整洁的；灵巧的,/nˈit/,Your room looks neat and clean.,你的房间看起来整洁又干净。,
brief,a.简洁的,/brˈif/,The teacher gave a brief introduction.,老师作了简短的介绍。,
deaf,a.聋的,/dˈɛf/,The deaf student communicates through sign language.,那名失聪学生用手语交流。,
statesman,n.政治家,/stˈeɪtsmən/,The respected statesman worked for peace.,这位受人尊敬的政治家致力于和平。,
independence,n.独立,/ˌɪndɪpˈɛndəns/,The country celebrated its independence.,这个国家庆祝了它的独立。,
fancy,a.花式；装饰的；奇特的,/fˈænsi/,She wore a fancy dress to the party.,她穿着一条华丽的连衣裙参加聚会。,
